time,pm10,pm2_5,carbon_monoxide,nitrogen_dioxide,sulphur_dioxide,ozone,temperature_2m,relative_humidity_2m,precipitation,wind_speed_10m,pressure_msl
2025-01-01T00:00,7.5,6.4,165.0,7.1,1.2,28.0,18.8,95,0.0,8.1,1014.8
2025-01-01T01:00,8.0,7.0,166.0,7.3,1.2,25.0,18.6,96,0.0,6.3,1014.2
2025-01-01T02:00,8.4,7.6,176.0,7.8,1.1,22.0,18.4,96,0.0,6.1,1014.0
2025-01-01T03:00,9.8,9.1,187.0,8.3,1.1,19.0,18.1,96,0.0,6.4,1013.6
2025-01-01T04:00,11.1,10.4,195.0,9.2,1.0,14.0,17.9,97,0.0,4.4,1013.6
2025-01-01T05:00,12.1,11.6,203.0,10.2,0.9,10.0,17.6,97,0.0,3.4,1013.6
2025-01-01T06:00,13.8,13.2,211.0,10.1,1.2,16.0,17.8,97,0.0,5.1,1014.0
2025-01-01T07:00,13.8,13.2,221.0,8.1,2.2,41.0,19.1,91,0.0,6.6,1014.7
2025-01-01T08:00,12.9,12.3,232.0,5.0,3.6,77.0,21.2,83,0.0,3.2,1014.8
2025-01-01T09:00,6.9,6.7,238.0,2.7,4.4,106.0,23.2,77,0.0,2.3,1014.7
2025-01-01T10:00,5.7,5.5,234.0,2.4,3.9,113.0,25.3,67,0.0,3.1,1015.1
2025-01-01T11:00,5.5,5.4,226.0,2.0,3.3,122.0,26.8,62,0.0,4.6,1014.6
2025-01-01T12:00,5.9,5.7,220.0,1.8,2.7,127.0,28.0,57,0.0,7.0,1013.8
2025-01-01T13:00,6.6,6.4,221.0,1.8,2.3,123.0,29.0,51,0.0,7.5,1012.7
2025-01-01T14:00,6.5,6.2,225.0,1.9,2.0,115.0,23.8,75,4.9,15.9,1013.2
2025-01-01T15:00,6.6,6.2,228.0,2.3,1.8,107.0,24.2,77,0.1,6.0,1012.4
2025-01-01T16:00,6.8,6.4,225.0,3.2,1.9,103.0,23.5,79,1.0,2.1,1012.5
2025-01-01T17:00,7.7,7.3,221.0,4.3,2.1,100.0,23.0,81,0.8,4.5,1012.2
2025-01-01T18:00,8.0,7.7,227.0,5.6,2.3,94.0,22.0,85,0.7,3.4,1012.8
2025-01-01T19:00,8.3,8.0,256.0,7.1,2.3,82.0,21.2,93,0.1,2.2,1013.3
2025-01-01T20:00,9.2,8.9,295.0,8.6,2.2,68.0,20.4,95,0.1,3.1,1014.2
2025-01-01T21:00,9.8,9.6,314.0,9.4,1.9,59.0,20.4,95,0.0,8.4,1014.9
2025-01-01T22:00,11.1,10.9,292.0,9.6,1.9,54.0,20.2,94,0.0,8.1,1015.2
2025-01-01T23:00,11.4,11.3,251.0,9.9,2.0,46.0,19.5,95,0.0,7.7,1015.0
2025-01-02T00:00,11.4,11.2,223.0,10.4,2.0,39.0,19.0,95,0.0,8.5,1014.9
2025-01-02T01:00,11.8,11.7,226.0,11.2,1.9,33.0,18.6,97,0.0,5.8,1014.2
2025-01-02T02:00,13.2,13.1,244.0,12.1,1.8,28.0,18.4,98,0.0,8.5,1013.7
2025-01-02T03:00,14.9,14.8,258.0,12.9,1.8,24.0,18.1,98,0.0,4.3,1012.7
2025-01-02T04:00,16.1,16.1,263.0,13.8,1.7,18.0,17.9,98,0.0,4.8,1012.4
2025-01-02T05:00,16.9,16.9,266.0,14.5,1.7,12.0,17.6,97,0.0,5.0,1012.2
2025-01-02T06:00,18.0,17.9,267.0,13.9,2.0,18.0,17.7,97,0.0,2.9,1013.0
2025-01-02T07:00,17.2,17.1,269.0,11.0,3.1,45.0,19.5,93,0.0,2.3,1013.6
2025-01-02T08:00,13.0,12.9,270.0,6.8,4.5,83.0,21.7,85,0.0,3.1,1013.3
2025-01-02T09:00,3.2,3.2,262.0,3.1,4.3,108.0,24.1,74,0.0,5.8,1012.9
2025-01-02T10:00,2.4,2.4,237.0,2.6,3.7,112.0,26.9,59,0.0,11.6,1012.9
2025-01-02T11:00,2.3,2.3,204.0,2.0,2.8,118.0,28.0,53,0.0,13.5,1012.2
2025-01-02T12:00,2.3,2.3,182.0,1.6,2.2,123.0,28.5,53,0.0,12.8,1011.5
2025-01-02T13:00,2.4,2.4,183.0,1.6,2.0,125.0,29.0,51,0.0,13.2,1010.8
2025-01-02T14:00,3.1,3.0,196.0,1.8,2.0,126.0,28.6,51,0.0,13.5,1010.3
2025-01-02T15:00,4.9,4.8,209.0,2.3,2.1,125.0,28.3,48,0.0,12.0,1009.2
2025-01-02T16:00,6.3,6.2,211.0,2.6,2.3,122.0,27.2,55,0.0,8.8,1009.3
2025-01-02T17:00,6.3,6.2,212.0,3.2,2.5,117.0,25.7,64,0.3,7.9,1009.5
2025-01-02T18:00,6.2,6.1,230.0,5.1,2.7,107.0,25.3,68,0.0,4.5,1009.4
2025-01-02T19:00,7.6,7.5,278.0,9.7,2.8,86.0,23.7,79,0.0,3.9,1010.1
2025-01-02T20:00,9.5,9.4,343.0,15.7,2.8,59.0,23.1,81,0.2,3.9,1011.0
2025-01-02T21:00,12.4,12.2,404.0,17.9,3.3,52.0,22.6,85,0.0,4.7,1011.6
2025-01-02T22:00,12.9,12.9,465.0,18.6,3.4,45.0,22.0,85,0.0,4.0,1012.5
2025-01-02T23:00,12.3,12.3,522.0,19.4,3.5,35.0,21.4,89,0.0,2.5,1012.4
2025-01-03T00:00,12.5,12.4,546.0,19.4,3.5,29.0,20.8,92,0.0,3.9,1012.1
2025-01-03T01:00,12.0,11.9,515.0,17.8,3.4,31.0,20.3,94,0.0,6.9,1011.3
2025-01-03T02:00,12.1,12.0,451.0,15.5,3.3,36.0,19.6,96,0.0,5.9,1010.7
2025-01-03T03:00,12.5,12.5,388.0,13.3,3.2,40.0,19.1,97,0.0,7.3,1009.9
2025-01-03T04:00,10.2,10.2,332.0,11.9,3.0,38.0,19.4,95,0.0,5.8,1010.2
2025-01-03T05:00,9.4,9.4,277.0,10.7,2.8,35.0,19.5,91,0.0,5.6,1010.4
2025-01-03T06:00,9.7,9.7,238.0,9.4,2.7,39.0,19.8,87,0.0,4.4,1010.8
2025-01-03T07:00,10.2,10.2,224.0,7.5,2.8,59.0,21.4,83,0.0,4.8,1011.5
2025-01-03T08:00,9.1,9.1,226.0,5.5,3.1,86.0,23.2,78,0.0,7.8,1011.6
2025-01-03T09:00,2.4,2.4,229.0,4.2,2.9,95.0,25.4,66,0.0,14.3,1011.4
2025-01-03T10:00,4.5,4.5,226.0,3.6,2.8,109.0,26.8,64,0.1,11.2,1010.9
2025-01-03T11:00,6.5,6.4,225.0,2.7,2.6,128.0,27.9,60,0.1,12.7,1010.4
2025-01-03T12:00,7.9,7.9,229.0,2.1,2.5,143.0,28.0,60,0.1,12.3,1010.1
2025-01-03T13:00,8.6,8.5,244.0,1.9,2.4,150.0,27.8,60,0.0,13.7,1009.3
2025-01-03T14:00,9.0,9.0,264.0,2.0,2.4,153.0,23.7,80,4.8,2.9,1009.9
2025-01-03T15:00,9.7,9.7,280.0,2.5,2.5,150.0,26.0,69,0.1,11.0,1009.0
2025-01-03T16:00,10.3,10.3,279.0,3.5,2.8,141.0,26.2,67,0.0,9.5,1008.5
2025-01-03T17:00,10.8,10.7,272.0,5.1,3.2,128.0,25.5,69,0.1,10.1,1008.4
2025-01-03T18:00,11.6,11.5,287.0,7.0,3.4,112.0,22.7,82,0.5,9.1,1009.1
2025-01-03T19:00,11.6,11.6,354.0,9.9,3.3,94.0,22.0,85,0.0,8.8,1009.9
2025-01-03T20:00,12.1,12.1,443.0,13.3,3.1,73.0,21.7,88,0.0,9.1,1009.6
2025-01-03T21:00,18.7,18.6,485.0,14.1,3.4,58.0,21.0,91,0.0,3.8,1010.3
2025-01-03T22:00,17.3,17.2,435.0,14.5,3.3,53.0,20.1,93,0.1,7.5,1012.0
2025-01-03T23:00,16.6,16.6,338.0,15.0,3.1,47.0,19.5,94,0.0,7.5,1012.0
2025-01-04T00:00,16.2,16.2,264.0,15.1,3.0,41.0,19.3,94,0.0,6.0,1011.1
2025-01-04T01:00,15.8,15.8,242.0,14.7,3.0,37.0,19.0,95,0.0,7.4,1010.4
2025-01-04T02:00,15.9,15.9,244.0,13.9,3.1,34.0,18.9,94,0.0,4.9,1010.3
2025-01-04T03:00,16.4,16.3,247.0,13.0,3.1,32.0,18.9,93,0.0,4.7,1010.2
2025-01-04T04:00,16.8,16.8,247.0,12.2,2.9,28.0,19.3,93,0.0,5.0,1010.2
2025-01-04T05:00,17.3,17.2,250.0,11.4,2.7,25.0,19.5,93,0.0,7.6,1010.1
2025-01-04T06:00,17.6,17.5,251.0,10.2,2.5,30.0,19.7,93,0.0,5.0,1010.8
2025-01-04T07:00,16.5,16.4,248.0,8.1,2.3,50.0,21.0,89,0.1,8.5,1011.0
2025-01-04T08:00,15.9,15.8,242.0,5.7,2.2,78.0,21.8,88,0.1,12.1,1011.4
2025-01-04T09:00,7.6,7.5,238.0,4.0,2.2,92.0,23.3,78,0.1,13.1,1011.0
2025-01-04T10:00,6.6,6.6,234.0,3.6,2.1,100.0,26.1,70,0.0,9.9,1010.7
2025-01-04T11:00,6.5,6.5,230.0,3.0,2.0,111.0,27.1,65,0.0,13.6,1010.5
2025-01-04T12:00,6.7,6.7,233.0,2.6,2.0,122.0,27.6,64,0.1,12.0,1009.8
2025-01-04T13:00,7.2,7.2,248.0,2.5,2.3,135.0,26.0,69,0.7,8.6,1010.0
2025-01-04T14:00,8.3,8.2,270.0,2.5,2.7,148.0,27.6,63,0.0,10.7,1008.7
2025-01-04T15:00,9.6,9.6,284.0,3.0,3.0,152.0,26.8,61,0.0,11.2,1007.8
2025-01-04T16:00,9.8,9.7,278.0,4.1,2.8,142.0,23.5,75,2.0,12.6,1008.8
2025-01-04T17:00,9.4,9.1,266.0,5.7,2.5,124.0,21.0,89,0.9,3.0,1009.0
2025-01-04T18:00,9.6,9.3,271.0,7.3,2.3,106.0,21.1,87,0.0,8.8,1009.8
2025-01-04T19:00,10.4,10.0,318.0,9.2,2.5,89.0,20.3,92,0.0,3.4,1009.6
2025-01-04T20:00,11.4,11.1,383.0,11.1,2.8,73.0,20.1,94,0.0,1.4,1009.1
2025-01-04T21:00,20.9,20.7,420.0,18.0,4.5,60.0,19.8,95,0.0,4.0,1010.4
2025-01-04T22:00,22.5,22.2,402.0,19.0,4.5,58.0,19.1,95,5.1,12.7,1011.7
2025-01-04T23:00,23.3,23.1,355.0,20.3,4.6,56.0,19.2,94,0.3,4.3,1011.4
2025-01-05T00:00,22.5,22.2,312.0,20.6,4.6,53.0,18.8,96,0.0,9.4,1011.8
2025-01-05T01:00,21.6,21.4,282.0,19.0,4.5,50.0,18.4,93,0.1,3.9,1011.4
2025-01-05T02:00,17.2,17.1,255.0,16.4,4.3,46.0,17.4,98,4.2,3.8,1012.0
2025-01-05T03:00,14.6,14.5,238.0,14.6,4.2,42.0,17.6,97,0.3,2.5,1011.3
2025-01-05T04:00,15.1,15.0,234.0,14.6,4.3,35.0,17.7,98,0.7,2.5,1010.9
2025-01-05T05:00,16.8,16.6,239.0,15.5,4.5,28.0,17.5,97,0.0,4.0,1010.8
2025-01-05T06:00,17.0,16.9,247.0,15.7,4.7,29.0,18.2,93,0.0,6.5,1011.5
2025-01-05T07:00,17.7,17.6,258.0,14.7,5.1,43.0,19.5,92,0.0,7.6,1011.8
2025-01-05T08:00,16.9,16.8,272.0,13.1,5.5,65.0,21.1,83,0.0,10.1,1011.8
2025-01-05T09:00,11.2,11.2,279.0,9.1,8.1,119.0,23.2,75,0.0,10.2,1011.7
2025-01-05T10:00,11.5,11.5,276.0,7.6,6.5,129.0,25.6,65,0.2,10.5,1011.7
2025-01-05T11:00,14.9,14.9,266.0,5.6,4.4,143.0,27.1,56,0.0,11.0,1011.2
2025-01-05T12:00,15.2,15.2,248.0,4.0,2.7,150.0,28.1,50,0.1,13.1,1010.5
2025-01-05T13:00,13.0,12.9,217.0,3.1,2.0,145.0,27.7,49,0.3,11.7,1010.1
2025-01-05T14:00,11.5,11.3,179.0,2.6,1.9,133.0,25.8,58,0.5,12.4,1010.2
2025-01-05T15:00,10.7,10.5,148.0,2.4,1.8,122.0,23.3,78,0.2,13.7,1010.2
2025-01-05T16:00,10.4,10.1,128.0,2.5,1.6,114.0,23.8,74,0.2,12.3,1009.7
2025-01-05T17:00,9.4,9.0,116.0,3.0,1.5,105.0,23.1,76,0.2,12.3,1009.7
2025-01-05T18:00,8.3,7.6,117.0,3.7,1.4,95.0,21.6,85,0.1,12.0,1010.4
2025-01-05T19:00,8.3,7.3,141.0,4.7,1.4,80.0,20.4,90,0.0,10.2,1011.4
2025-01-05T20:00,8.1,7.2,177.0,5.9,1.3,62.0,19.9,91,0.0,8.4,1012.0
2025-01-05T21:00,7.7,6.7,200.0,6.9,1.2,50.0,19.5,94,0.0,7.1,1012.7
2025-01-05T22:00,7.5,6.4,194.0,6.5,1.1,48.0,18.9,98,0.0,7.1,1013.6
2025-01-05T23:00,7.1,6.0,174.0,5.9,1.0,44.0,19.0,97,0.0,6.9,1013.4
2025-01-06T00:00,6.8,5.8,158.0,5.5,0.9,41.0,19.2,95,0.1,8.1,1012.9
2025-01-06T01:00,6.6,5.7,151.0,5.6,0.8,39.0,19.1,97,0.0,6.6,1012.2
2025-01-06T02:00,7.1,6.2,147.0,5.9,0.7,36.0,18.5,98,0.0,5.2,1011.9
2025-01-06T03:00,7.8,6.9,148.0,6.1,0.7,34.0,18.2,97,0.0,6.7,1011.6
2025-01-06T04:00,8.1,7.3,156.0,6.3,0.7,28.0,17.9,97,0.0,7.2,1011.5
2025-01-06T05:00,8.4,7.7,170.0,6.6,0.6,21.0,17.9,98,0.0,6.8,1011.8
2025-01-06T06:00,8.6,8.2,186.0,6.3,0.8,25.0,18.2,98,0.0,6.8,1012.4
2025-01-06T07:00,8.9,8.6,208.0,5.2,1.3,48.0,19.0,94,0.0,7.5,1013.0
2025-01-06T08:00,8.6,8.5,233.0,3.6,2.0,82.0,20.6,86,0.0,5.3,1013.1
2025-01-06T09:00,9.5,9.5,247.0,2.6,3.2,104.0,22.9,76,0.0,4.7,1013.0
2025-01-06T10:00,9.9,9.8,237.0,2.4,2.9,113.0,25.1,71,0.0,5.6,1012.5
2025-01-06T11:00,9.8,9.7,216.0,2.1,2.5,126.0,26.7,67,0.1,8.4,1011.9
2025-01-06T12:00,10.5,10.4,205.0,1.9,2.1,134.0,27.6,54,0.0,14.6,1011.0
2025-01-06T13:00,10.0,9.7,218.0,1.7,1.9,133.0,28.7,49,0.1,12.1,1010.1
2025-01-06T14:00,9.1,8.8,241.0,1.5,1.8,127.0,28.7,44,0.0,9.6,1009.3
2025-01-06T15:00,9.0,8.7,251.0,1.6,1.7,120.0,24.4,72,0.0,15.2,1010.3
2025-01-06T16:00,9.2,9.0,232.0,2.3,1.6,115.0,23.0,82,0.5,8.8,1010.1
2025-01-06T17:00,9.2,8.9,200.0,3.2,1.5,108.0,23.8,74,1.1,11.7,1009.6
2025-01-06T18:00,7.9,7.5,180.0,3.9,1.4,101.0,22.2,85,0.0,11.3,1009.9
2025-01-06T19:00,6.5,6.2,187.0,3.9,1.3,90.0,20.9,90,0.0,9.5,1010.8
2025-01-06T20:00,5.3,4.9,206.0,3.7,1.3,78.0,20.0,93,0.0,7.7,1011.5
2025-01-06T21:00,10.5,9.4,220.0,5.3,1.2,63.0,19.7,93,0.0,5.9,1012.3
2025-01-06T22:00,9.2,8.1,222.0,5.6,1.2,61.0,19.3,95,0.0,6.8,1013.6
2025-01-06T23:00,8.4,7.7,219.0,5.9,1.3,58.0,19.1,96,0.0,3.7,1013.5
2025-01-07T00:00,8.0,7.4,216.0,6.0,1.3,55.0,18.8,97,0.0,3.3,1012.7
2025-01-07T01:00,7.7,7.3,214.0,5.5,1.2,54.0,18.4,98,0.0,1.5,1011.8
2025-01-07T02:00,7.6,7.1,212.0,4.7,1.0,54.0,18.1,98,0.0,1.3,1011.4
2025-01-07T03:00,7.1,6.7,209.0,4.1,0.8,53.0,18.1,99,0.0,2.0,1011.2
2025-01-07T04:00,7.3,6.8,203.0,3.8,0.7,50.0,18.4,98,0.0,4.8,1011.4
2025-01-07T05:00,7.2,6.7,195.0,3.6,0.7,47.0,18.6,98,0.0,4.3,1011.6
2025-01-07T06:00,7.5,7.0,191.0,3.5,0.7,50.0,18.7,98,0.0,3.6,1011.9
2025-01-07T07:00,8.0,7.5,193.0,3.4,0.7,63.0,19.8,91,0.0,2.0,1012.3
2025-01-07T08:00,7.7,7.3,198.0,3.3,0.8,82.0,21.1,84,0.0,4.6,1012.4
2025-01-07T09:00,9.9,9.7,203.0,2.9,1.4,106.0,22.2,78,0.1,2.9,1012.5
2025-01-07T10:00,11.8,11.7,210.0,2.7,1.4,110.0,24.8,72,0.0,3.9,1012.3
2025-01-07T11:00,13.6,13.5,218.0,2.5,1.3,116.0,26.9,65,0.1,5.0,1011.5
2025-01-07T12:00,12.8,12.7,220.0,2.3,1.3,119.0,27.1,58,0.1,11.0,1010.5
2025-01-07T13:00,11.0,10.8,213.0,2.2,1.3,117.0,20.4,92,11.7,10.4,1012.6
2025-01-07T14:00,9.3,9.2,200.0,2.2,1.3,113.0,22.7,82,2.1,7.9,1012.1
2025-01-07T15:00,7.6,7.5,189.0,2.3,1.3,109.0,23.9,77,0.6,9.5,1011.2
2025-01-07T16:00,5.1,5.0,180.0,2.4,1.1,107.0,22.1,80,4.5,9.9,1011.1
2025-01-07T17:00,3.1,3.1,172.0,2.5,0.8,104.0,21.9,85,1.1,8.8,1010.9
2025-01-07T18:00,2.8,2.7,170.0,2.8,0.7,100.0,20.8,87,0.2,11.7,1011.3
2025-01-07T19:00,3.2,2.9,179.0,3.3,0.8,92.0,20.0,92,0.0,9.3,1011.9
2025-01-07T20:00,3.9,3.5,194.0,3.8,1.0,83.0,19.3,94,0.0,7.1,1012.6
2025-01-07T21:00,6.4,5.8,203.0,3.9,1.3,78.0,18.8,96,0.0,7.9,1013.4
2025-01-07T22:00,5.0,4.5,203.0,4.4,1.3,74.0,19.1,98,0.0,6.8,1013.7
2025-01-07T23:00,4.7,4.2,197.0,5.2,1.2,68.0,18.9,98,0.0,5.6,1013.8
2025-01-08T00:00,4.4,4.0,188.0,5.4,1.2,64.0,18.7,98,0.0,6.3,1013.4
2025-01-08T01:00,3.4,3.1,174.0,4.6,1.2,65.0,18.4,97,0.0,7.2,1012.7
2025-01-08T02:00,2.0,1.9,156.0,3.4,1.2,68.0,18.4,97,0.0,6.8,1012.0
2025-01-08T03:00,1.1,1.0,145.0,2.6,1.3,69.0,18.2,97,0.0,6.1,1011.8
2025-01-08T04:00,0.9,0.9,145.0,2.7,1.4,64.0,18.1,97,0.0,5.6,1011.8
2025-01-08T05:00,0.9,0.9,150.0,3.2,1.6,58.0,18.6,95,0.0,6.0,1012.1
2025-01-08T06:00,1.0,1.0,159.0,3.5,1.6,56.0,19.0,94,0.0,5.5,1012.2
2025-01-08T07:00,1.1,1.1,171.0,3.2,1.4,64.0,20.2,89,0.0,6.7,1012.7
2025-01-08T08:00,1.8,1.8,185.0,2.6,1.1,78.0,21.2,83,0.1,7.6,1013.0
2025-01-08T09:00,2.5,2.3,197.0,1.6,0.8,88.0,22.7,75,0.2,5.9,1013.1
2025-01-08T10:00,3.6,3.2,209.0,1.4,0.8,91.0,24.1,73,0.1,4.9,1013.0
2025-01-08T11:00,4.1,3.8,220.0,1.2,0.7,96.0,25.0,68,0.0,4.7,1012.6
2025-01-08T12:00,5.0,4.5,218.0,1.1,0.7,97.0,25.5,64,0.0,2.1,1012.1
2025-01-08T13:00,6.2,5.4,192.0,1.1,0.7,92.0,25.9,63,0.1,6.0,1011.4
2025-01-08T14:00,7.5,6.6,153.0,1.2,0.7,84.0,22.2,78,1.5,15.9,1011.7
2025-01-08T15:00,5.0,4.3,126.0,1.4,0.7,76.0,21.8,81,0.1,17.2,1011.1
2025-01-08T16:00,4.3,3.5,121.0,1.8,0.7,71.0,23.2,71,0.6,15.8,1010.3
2025-01-08T17:00,4.0,3.2,127.0,2.2,0.7,66.0,21.9,80,0.0,16.5,1010.4
2025-01-08T18:00,4.5,3.5,136.0,2.6,0.7,62.0,20.9,83,0.0,13.4,1011.0
2025-01-08T19:00,4.9,3.9,149.0,2.9,0.8,57.0,19.6,90,0.0,11.6,1011.3
2025-01-08T20:00,5.2,4.1,164.0,3.1,0.9,53.0,19.0,94,0.0,10.1,1012.0
2025-01-08T21:00,9.9,8.4,171.0,4.8,1.0,43.0,18.9,95,0.0,7.9,1012.9
2025-01-08T22:00,7.9,6.6,161.0,4.9,1.0,43.0,19.2,95,0.0,9.0,1013.3
2025-01-08T23:00,6.8,5.8,141.0,5.0,0.9,42.0,19.0,95,0.0,8.0,1013.3
2025-01-09T00:00,5.8,4.9,125.0,4.8,0.9,42.0,18.8,94,0.0,7.9,1012.8
2025-01-09T01:00,4.3,3.5,116.0,3.9,0.8,42.0,18.2,95,0.1,8.3,1012.3
2025-01-09T02:00,3.9,3.1,110.0,2.8,0.8,43.0,18.3,94,0.0,7.7,1011.6
2025-01-09T03:00,3.4,2.7,107.0,2.1,0.8,42.0,17.9,96,0.0,7.4,1011.2
2025-01-09T04:00,3.3,2.6,107.0,2.4,0.9,39.0,17.8,97,0.0,7.7,1011.2
2025-01-09T05:00,3.5,2.8,109.0,3.1,1.1,35.0,17.9,97,0.0,7.5,1011.5
2025-01-09T06:00,3.6,2.9,112.0,3.5,1.2,34.0,17.9,97,0.0,7.7,1012.0
2025-01-09T07:00,3.2,2.5,114.0,3.1,1.2,40.0,19.3,88,0.0,9.8,1012.5
2025-01-09T08:00,3.0,2.4,115.0,2.3,1.1,50.0,21.2,77,0.0,9.5,1012.4
2025-01-09T09:00,5.1,3.8,118.0,1.4,0.8,54.0,22.4,72,0.0,7.4,1012.3
2025-01-09T10:00,5.0,3.7,124.0,1.4,0.7,55.0,23.9,70,0.1,6.7,1012.1
2025-01-09T11:00,5.0,3.8,130.0,1.4,0.7,56.0,25.0,65,0.1,7.1,1011.4
2025-01-09T12:00,5.3,4.1,132.0,1.3,0.6,56.0,21.0,80,0.5,15.2,1011.9
2025-01-09T13:00,5.4,4.3,124.0,1.1,0.6,54.0,22.3,77,0.7,13.2,1011.4
2025-01-09T14:00,5.5,4.0,110.0,0.8,0.6,52.0,23.0,72,0.4,15.1,1010.8
2025-01-09T15:00,4.1,2.9,100.0,0.8,0.6,49.0,21.7,78,0.2,19.0,1010.8
2025-01-09T16:00,4.0,2.9,96.0,1.1,0.7,48.0,21.6,77,0.1,18.1,1010.5
2025-01-09T17:00,4.8,3.6,96.0,1.7,0.8,46.0,20.8,78,0.0,14.7,1010.8
2025-01-09T18:00,5.5,4.0,101.0,2.3,0.9,44.0,20.0,82,0.0,13.7,1011.3
2025-01-09T19:00,5.4,4.0,115.0,2.9,1.0,40.0,18.6,88,0.0,13.4,1011.9
2025-01-09T20:00,5.4,4.0,134.0,3.6,1.1,35.0,17.8,93,0.0,11.1,1012.6
2025-01-09T21:00,6.8,5.3,149.0,5.7,1.1,26.0,17.6,94,0.0,9.6,1013.2
2025-01-09T22:00,7.4,5.8,156.0,6.6,1.1,25.0,17.7,95,0.0,7.5,1013.5
2025-01-09T23:00,7.9,6.3,159.0,8.0,1.2,23.0,17.3,96,0.0,5.6,1013.5
2025-01-10T00:00,8.5,6.8,160.0,9.0,1.2,22.0,17.1,97,0.0,2.1,1013.3
2025-01-10T01:00,9.2,7.5,158.0,9.7,1.2,20.0,16.8,97,0.0,1.6,1012.6
2025-01-10T02:00,10.3,8.4,153.0,10.0,1.1,18.0,16.5,98,0.0,1.3,1011.9
2025-01-10T03:00,11.1,9.3,147.0,9.8,1.0,18.0,16.6,98,0.0,3.8,1011.4
2025-01-10T04:00,12.0,10.0,140.0,8.6,0.9,22.0,16.5,97,0.0,5.2,1011.4
2025-01-10T05:00,11.1,9.2,133.0,6.7,0.8,27.0,16.3,96,0.0,4.1,1011.8
2025-01-10T06:00,10.8,8.8,126.0,5.0,0.8,33.0,16.3,96,0.0,4.2,1012.3
2025-01-10T07:00,8.8,6.9,119.0,3.7,0.8,38.0,17.9,90,0.0,3.5,1013.1
2025-01-10T08:00,7.8,6.0,113.0,2.6,0.9,43.0,20.1,80,0.0,4.9,1013.2
2025-01-10T09:00,6.7,4.8,108.0,1.3,1.0,49.0,21.8,68,0.0,5.6,1013.0
2025-01-10T10:00,6.0,4.2,107.0,1.1,1.0,52.0,23.3,61,0.0,7.5,1013.4
2025-01-10T11:00,6.0,4.2,107.0,0.9,0.9,56.0,24.3,56,0.0,6.3,1013.0
2025-01-10T12:00,5.6,4.0,107.0,0.7,0.9,59.0,24.8,54,0.0,6.3,1012.4
2025-01-10T13:00,5.5,3.9,104.0,0.6,0.9,60.0,24.9,55,0.2,7.8,1011.8
2025-01-10T14:00,5.4,3.8,100.0,0.6,0.8,60.0,24.6,59,0.1,10.3,1011.5
2025-01-10T15:00,5.3,3.7,98.0,0.7,0.8,59.0,24.1,61,0.3,12.0,1011.1
2025-01-10T16:00,5.4,3.7,97.0,0.7,0.7,57.0,23.2,62,0.0,13.6,1010.7
2025-01-10T17:00,5.4,3.7,97.0,0.8,0.6,54.0,21.6,65,0.0,14.9,1010.9
2025-01-10T18:00,5.5,3.7,102.0,1.4,0.6,49.0,20.1,71,0.0,13.1,1011.2
2025-01-10T19:00,5.4,3.8,113.0,2.8,0.7,42.0,18.6,80,0.0,9.8,1011.6
2025-01-10T20:00,5.5,4.1,130.0,4.8,0.9,34.0,17.8,85,0.0,7.6,1012.3
2025-01-10T21:00,7.1,5.4,152.0,7.2,1.2,28.0,17.3,87,0.0,6.9,1012.8
2025-01-10T22:00,7.6,5.9,185.0,7.9,1.2,25.0,17.2,91,0.0,3.6,1013.7
2025-01-10T23:00,7.5,6.1,223.0,8.9,1.3,22.0,16.7,92,0.0,3.5,1013.7
2025-01-11T00:00,7.3,5.9,251.0,9.9,1.3,18.0,16.1,94,0.0,2.6,1013.2
2025-01-11T01:00,7.5,6.2,262.0,11.1,1.1,14.0,15.5,96,0.0,2.3,1012.5
2025-01-11T02:00,8.7,7.3,262.0,12.4,0.9,10.0,15.2,96,0.0,0.6,1012.2
2025-01-11T03:00,9.4,8.1,257.0,13.0,0.8,7.0,14.9,98,0.0,0.4,1011.6
2025-01-11T04:00,9.6,8.5,247.0,12.5,0.9,6.0,14.7,99,0.0,0.7,1011.4
2025-01-11T05:00,10.3,9.1,231.0,11.3,1.1,7.0,14.6,99,0.0,1.5,1011.4
2025-01-11T06:00,11.0,9.7,210.0,9.6,1.2,12.0,15.1,97,0.0,2.3,1012.0
2025-01-11T07:00,12.0,10.3,181.0,7.0,1.3,25.0,17.4,86,0.0,3.3,1012.5
2025-01-11T08:00,10.5,8.2,147.0,3.9,1.3,43.0,19.5,75,0.0,4.4,1012.7
2025-01-11T09:00,7.7,6.0,122.0,1.6,1.0,56.0,21.5,68,0.0,3.4,1012.8
2025-01-11T10:00,7.3,5.7,115.0,1.4,1.1,63.0,23.2,64,0.0,4.7,1012.6
2025-01-11T11:00,6.8,5.4,117.0,1.1,1.1,72.0,24.4,60,0.0,1.7,1012.2
2025-01-11T12:00,6.9,5.5,117.0,0.9,1.2,79.0,25.6,52,0.0,3.4,1011.6
2025-01-11T13:00,7.3,5.8,110.0,0.8,1.3,82.0,27.1,47,0.0,5.6,1010.8
2025-01-11T14:00,7.6,6.1,100.0,0.8,1.4,82.0,26.3,53,0.1,10.7,1010.2
2025-01-11T15:00,7.9,6.3,94.0,0.9,1.4,79.0,24.0,68,0.1,14.6,1010.5
2025-01-11T16:00,7.7,6.1,93.0,1.1,1.3,72.0,23.5,68,0.0,16.8,1010.0
2025-01-11T17:00,7.6,6.0,96.0,1.5,1.2,63.0,21.5,77,0.1,15.3,1010.3
2025-01-11T18:00,7.2,5.3,102.0,2.1,1.1,53.0,20.5,81,0.1,13.0,1010.4
2025-01-11T19:00,6.5,4.8,114.0,3.1,1.0,43.0,19.1,86,0.0,10.3,1011.4
2025-01-11T20:00,5.9,4.5,129.0,4.2,1.0,34.0,18.4,92,0.0,7.7,1012.4
2025-01-11T21:00,7.4,5.8,141.0,5.4,1.0,27.0,18.3,94,0.0,6.5,1013.1
2025-01-11T22:00,7.0,5.6,149.0,6.2,1.0,25.0,18.1,94,0.0,7.8,1014.1
2025-01-11T23:00,7.0,5.6,155.0,7.3,1.1,22.0,17.8,95,0.0,4.7,1014.0
2025-01-12T00:00,7.1,5.8,155.0,8.2,1.1,19.0,17.6,96,0.0,2.5,1013.8
2025-01-12T01:00,6.8,5.6,148.0,8.7,1.1,16.0,17.7,96,0.0,3.6,1013.1
2025-01-12T02:00,7.2,6.0,136.0,8.9,1.0,13.0,17.7,95,0.0,2.3,1012.5
2025-01-12T03:00,7.5,6.2,125.0,8.8,0.9,12.0,17.4,94,0.0,5.3,1011.6
2025-01-12T04:00,7.9,6.5,115.0,8.3,0.8,12.0,17.0,92,0.0,5.1,1011.6
2025-01-12T05:00,8.7,7.1,105.0,7.4,0.7,12.0,16.9,91,0.0,6.2,1011.9
2025-01-12T06:00,8.5,7.1,98.0,6.3,0.7,16.0,17.0,92,0.0,7.4,1012.8
2025-01-12T07:00,8.3,6.2,97.0,4.7,0.7,25.0,18.8,85,0.0,7.1,1013.2
2025-01-12T08:00,8.0,5.8,99.0,2.9,0.8,37.0,20.5,77,0.0,7.3,1013.5
2025-01-12T09:00,7.3,5.4,101.0,1.8,1.0,46.0,22.0,67,0.0,8.8,1013.4
2025-01-12T10:00,6.2,4.4,103.0,1.5,0.9,50.0,23.2,62,0.0,6.8,1013.6
2025-01-12T11:00,6.6,4.8,105.0,1.0,0.9,55.0,24.0,59,0.0,5.2,1012.8
2025-01-12T12:00,6.8,4.9,105.0,0.7,0.8,58.0,23.9,58,0.0,8.4,1012.4
2025-01-12T13:00,6.8,5.0,101.0,0.6,0.7,59.0,23.3,63,0.2,12.2,1012.0
2025-01-12T14:00,6.6,4.8,95.0,0.6,0.7,57.0,23.1,70,0.5,14.4,1011.4
2025-01-12T15:00,5.8,4.2,92.0,0.8,0.7,55.0,22.6,70,0.7,16.2,1010.8
2025-01-12T16:00,5.1,3.7,92.0,1.4,0.7,51.0,21.4,76,0.1,17.0,1010.4
2025-01-12T17:00,5.1,3.7,95.0,2.3,0.8,45.0,21.3,75,0.0,16.4,1010.3
2025-01-12T18:00,4.9,3.6,99.0,3.0,0.9,40.0,19.7,80,0.0,13.5,1010.9
2025-01-12T19:00,5.0,3.6,105.0,3.2,0.9,36.0,18.7,85,0.0,11.5,1011.7
2025-01-12T20:00,5.1,3.6,113.0,3.3,1.0,32.0,18.1,90,0.0,9.8,1012.7
2025-01-12T21:00,4.9,3.4,117.0,4.0,0.9,26.0,17.8,91,0.0,8.4,1013.5
2025-01-12T22:00,5.2,3.7,114.0,4.5,0.9,25.0,17.6,92,0.1,8.5,1013.9
2025-01-12T23:00,5.7,3.9,108.0,5.2,1.0,22.0,17.3,93,0.0,9.1,1014.2
2025-01-13T00:00,6.0,4.2,102.0,5.7,1.0,21.0,17.2,93,0.0,6.3,1014.1
2025-01-13T01:00,6.2,4.4,96.0,5.7,1.0,20.0,16.9,94,0.0,8.1,1013.5
2025-01-13T02:00,6.6,4.7,90.0,5.4,0.9,21.0,16.5,93,0.0,8.4,1013.1
2025-01-13T03:00,6.7,4.8,87.0,5.1,0.9,21.0,16.3,92,0.0,8.1,1012.6
2025-01-13T04:00,7.2,5.0,89.0,5.0,1.0,22.0,16.2,91,0.0,5.9,1012.4
2025-01-13T05:00,7.4,5.2,94.0,4.9,1.1,22.0,16.0,91,0.0,6.2,1012.6
2025-01-13T06:00,7.9,5.6,98.0,4.5,1.2,25.0,16.0,91,0.0,7.3,1012.7
2025-01-13T07:00,7.5,5.2,99.0,3.6,1.2,30.0,17.7,84,0.0,7.1,1013.0
2025-01-13T08:00,6.4,4.3,98.0,2.5,1.2,37.0,19.6,74,0.0,7.9,1013.2
2025-01-13T09:00,4.8,3.3,97.0,1.4,0.9,43.0,21.1,67,0.0,6.8,1013.2
2025-01-13T10:00,4.4,3.0,97.0,1.2,0.8,46.0,21.2,67,0.0,8.6,1013.8
2025-01-13T11:00,4.5,3.1,97.0,0.9,0.8,51.0,21.9,64,0.0,9.0,1013.4
2025-01-13T12:00,4.3,3.0,97.0,0.7,0.7,54.0,22.8,62,0.0,7.6,1013.0
2025-01-13T13:00,4.2,2.9,96.0,0.6,0.7,54.0,23.9,59,0.0,6.9,1012.1
2025-01-13T14:00,4.1,2.9,94.0,0.5,0.6,52.0,24.3,57,0.0,11.6,1011.5
2025-01-13T15:00,3.9,2.7,92.0,0.6,0.6,50.0,23.1,61,0.0,15.6,1011.3
2025-01-13T16:00,4.0,2.8,89.0,0.7,0.6,48.0,22.5,61,0.0,17.1,1010.8
2025-01-13T17:00,4.1,2.8,86.0,0.9,0.6,45.0,20.9,65,0.0,16.8,1010.7
2025-01-13T18:00,4.3,3.0,90.0,1.4,0.6,41.0,19.4,73,0.0,16.0,1010.9
2025-01-13T19:00,4.3,3.1,106.0,2.6,0.7,36.0,18.1,81,0.0,11.2,1011.8
2025-01-13T20:00,4.5,3.4,128.0,4.1,0.9,29.0,17.3,87,0.0,8.7,1012.7
2025-01-13T21:00,5.8,4.4,143.0,5.8,1.0,23.0,16.7,92,0.0,5.8,1013.8
2025-01-13T22:00,6.4,4.8,145.0,6.8,1.1,22.0,16.7,93,0.0,6.2,1014.5
2025-01-13T23:00,6.9,5.3,141.0,8.3,1.2,21.0,16.3,95,0.0,5.6,1014.4
2025-01-14T00:00,7.3,5.6,136.0,9.5,1.2,19.0,15.9,96,0.0,3.6,1013.9
2025-01-14T01:00,7.3,5.8,131.0,10.4,1.1,16.0,15.6,97,0.0,3.3,1013.3
2025-01-14T02:00,7.7,6.3,125.0,11.0,0.8,12.0,15.2,98,0.0,3.5,1012.4
2025-01-14T03:00,8.0,6.8,119.0,11.1,0.7,9.0,15.1,99,0.0,4.8,1012.0
2025-01-14T04:00,8.0,6.8,113.0,10.3,0.7,8.0,14.7,99,0.0,5.2,1011.9
2025-01-14T05:00,8.4,7.2,106.0,9.0,0.8,9.0,14.5,98,0.0,4.5,1012.0
2025-01-14T06:00,8.8,7.7,102.0,7.4,0.8,13.0,14.6,97,0.0,4.8,1012.3
2025-01-14T07:00,8.9,6.8,102.0,5.3,0.8,23.0,16.9,88,0.0,4.0,1012.8
2025-01-14T08:00,8.4,6.0,105.0,3.0,0.8,37.0,19.3,77,0.0,5.4,1013.0
2025-01-14T09:00,6.9,4.8,107.0,1.6,0.9,45.0,21.5,67,0.0,6.5,1012.9
2025-01-14T10:00,6.7,4.7,107.0,1.4,0.9,48.0,21.3,70,0.1,6.8,1012.9
2025-01-14T11:00,6.3,4.5,107.0,1.1,0.8,52.0,21.3,74,0.0,9.3,1012.9
2025-01-14T12:00,6.3,4.5,106.0,0.9,0.8,55.0,23.3,66,0.2,9.5,1012.3
2025-01-14T13:00,5.2,3.7,104.0,0.8,0.7,55.0,22.9,69,0.1,12.7,1012.2
2025-01-14T14:00,4.3,3.0,101.0,0.8,0.6,54.0,23.1,67,0.0,15.4,1011.8
2025-01-14T15:00,4.1,2.9,99.0,0.9,0.6,52.0,23.6,65,0.1,15.2,1010.8
2025-01-14T16:00,4.3,3.1,95.0,1.2,0.6,48.0,22.6,70,0.0,16.4,1010.6
2025-01-14T17:00,4.6,3.3,91.0,1.7,0.6,44.0,21.6,75,0.0,15.8,1010.5
2025-01-14T18:00,4.6,3.4,93.0,2.2,0.7,40.0,20.3,80,0.0,14.3,1011.0
2025-01-14T19:00,4.7,3.4,108.0,2.5,0.8,38.0,18.7,89,0.0,10.7,1011.7
2025-01-14T20:00,5.1,3.7,130.0,2.8,0.8,36.0,18.1,94,0.0,9.6,1012.7
2025-01-14T21:00,6.5,5.0,142.0,3.0,1.0,36.0,17.9,95,0.0,8.0,1013.9
2025-01-14T22:00,6.3,4.8,136.0,3.2,1.0,34.0,18.6,91,0.0,6.8,1014.0
2025-01-14T23:00,6.2,4.8,120.0,3.6,0.9,32.0,18.3,91,0.0,8.2,1014.0
2025-01-15T00:00,5.6,4.4,107.0,3.8,0.9,30.0,17.7,89,0.0,9.4,1013.4
2025-01-15T01:00,5.5,4.3,99.0,3.9,0.9,28.0,17.4,87,0.0,8.8,1013.0
2025-01-15T02:00,5.6,4.4,93.0,3.9,0.9,26.0,17.1,87,0.0,8.1,1012.8
2025-01-15T03:00,5.5,4.5,90.0,3.9,0.9,25.0,17.0,87,0.0,8.1,1012.3
2025-01-15T04:00,5.6,4.6,92.0,4.0,1.0,23.0,16.9,87,0.0,6.8,1012.4
2025-01-15T05:00,5.8,4.9,98.0,4.1,1.2,22.0,17.2,85,0.0,5.6,1012.9
2025-01-15T06:00,6.0,5.2,104.0,4.0,1.3,24.0,17.0,86,0.0,5.1,1013.6
2025-01-15T07:00,6.7,5.8,108.0,3.5,1.4,33.0,18.7,80,0.0,3.8,1014.2
2025-01-15T08:00,6.8,5.9,112.0,2.7,1.5,46.0,20.6,73,0.0,5.4,1014.5
2025-01-15T09:00,7.0,5.9,115.0,1.9,1.7,57.0,22.4,68,0.0,7.2,1014.3
2025-01-15T10:00,6.4,5.4,118.0,1.6,1.5,61.0,24.5,62,0.0,12.8,1013.8
2025-01-15T11:00,5.9,5.1,120.0,1.2,1.3,67.0,25.1,62,0.0,12.7,1013.4
2025-01-15T12:00,5.5,4.8,120.0,0.9,1.1,72.0,26.0,59,0.1,10.3,1012.6
2025-01-15T13:00,5.7,5.0,118.0,0.8,1.0,74.0,26.9,56,0.4,9.8,1011.7
2025-01-15T14:00,5.4,4.9,114.0,0.8,1.0,74.0,27.1,57,0.6,9.4,1011.2
2025-01-15T15:00,5.8,5.2,112.0,1.1,1.0,74.0,26.6,59,0.4,10.3,1010.9
2025-01-15T16:00,6.6,5.8,114.0,1.9,1.1,73.0,24.7,70,0.8,14.5,1010.6
2025-01-15T17:00,6.9,6.1,118.0,3.0,1.2,70.0,23.1,78,0.3,13.5,1011.2
2025-01-15T18:00,8.1,6.9,125.0,3.7,1.3,68.0,21.7,82,0.1,11.6,1011.7
2025-01-15T19:00,8.0,7.0,138.0,3.8,1.3,66.0,20.4,87,1.4,9.7,1012.8
2025-01-15T20:00,8.4,7.2,153.0,3.6,1.3,63.0,19.5,94,0.4,9.4,1014.0
2025-01-15T21:00,7.8,6.8,162.0,3.4,1.5,64.0,19.1,96,0.1,8.6,1014.8
2025-01-15T22:00,7.7,6.9,160.0,3.6,1.5,61.0,20.0,94,0.0,7.4,1014.9
2025-01-15T23:00,7.2,6.8,151.0,3.9,1.5,57.0,19.7,95,0.0,7.2,1014.9
2025-01-16T00:00,7.0,6.6,144.0,4.2,1.5,52.0,19.4,97,0.0,8.7,1014.6
2025-01-16T01:00,6.7,6.5,139.0,4.3,1.5,47.0,19.1,98,0.0,6.8,1014.0
2025-01-16T02:00,6.5,6.3,135.0,4.4,1.5,42.0,18.9,98,0.0,5.5,1013.7
2025-01-16T03:00,6.5,6.4,136.0,4.6,1.5,37.0,18.7,98,0.0,5.4,1013.9
2025-01-16T04:00,6.6,6.5,143.0,5.2,1.5,30.0,18.6,98,0.0,7.0,1013.9
2025-01-16T05:00,6.8,6.8,153.0,5.9,1.5,23.0,18.7,98,0.0,6.5,1014.0
2025-01-16T06:00,7.4,7.3,167.0,6.0,1.7,24.0,18.7,98,0.0,7.7,1014.4
2025-01-16T07:00,8.8,8.7,187.0,5.1,2.3,40.0,19.9,91,0.0,11.2,1014.9
2025-01-16T08:00,10.3,10.2,209.0,3.7,3.0,63.0,21.0,87,0.0,12.2,1015.4
2025-01-16T09:00,11.2,11.0,223.0,3.0,3.1,71.0,23.0,77,0.0,10.7,1015.5
2025-01-16T10:00,10.0,9.9,221.0,2.5,2.8,75.0,24.7,72,0.0,11.1,1015.4
2025-01-16T11:00,9.0,8.9,210.0,1.9,2.3,80.0,23.5,77,0.0,7.6,1015.6
2025-01-16T12:00,7.9,7.8,199.0,1.4,1.9,83.0,26.2,67,0.0,10.0,1014.7
2025-01-16T13:00,6.8,6.8,190.0,1.3,1.7,83.0,27.6,62,0.0,10.7,1013.3
2025-01-16T14:00,6.6,6.5,181.0,1.3,1.6,81.0,28.0,62,0.0,11.1,1012.4
2025-01-16T15:00,6.7,6.6,180.0,1.7,1.6,78.0,24.5,76,2.3,13.4,1013.1
2025-01-16T16:00,6.9,6.8,194.0,2.6,1.7,75.0,23.7,82,0.4,4.4,1012.4
2025-01-16T17:00,7.8,7.6,216.0,3.8,1.8,71.0,23.4,88,0.1,5.2,1012.2
2025-01-16T18:00,8.6,8.4,230.0,4.7,1.9,68.0,23.2,90,0.1,5.3,1012.6
2025-01-16T19:00,8.8,8.6,229.0,5.1,1.9,66.0,22.4,92,0.3,6.1,1013.3
2025-01-16T20:00,8.4,8.2,221.0,5.2,1.8,65.0,21.9,95,0.3,6.9,1014.3
2025-01-16T21:00,14.3,13.9,213.0,6.7,2.0,58.0,21.4,98,0.7,8.6,1015.2
2025-01-16T22:00,14.1,13.7,208.0,6.5,2.0,54.0,21.2,100,1.3,7.2,1015.5
2025-01-16T23:00,13.6,13.2,203.0,6.3,1.9,49.0,20.9,99,0.5,7.6,1015.6
2025-01-17T00:00,12.8,12.5,202.0,6.3,1.9,43.0,20.8,99,0.5,7.7,1015.2
2025-01-17T01:00,12.3,12.1,209.0,6.6,1.9,36.0,20.8,99,1.3,8.6,1014.6
2025-01-17T02:00,12.0,11.9,220.0,7.0,2.0,29.0,20.6,99,1.4,8.4,1014.4
2025-01-17T03:00,10.4,10.4,227.0,7.4,2.0,23.0,20.3,99,1.2,7.2,1014.2
2025-01-17T04:00,10.0,10.0,225.0,7.9,2.0,17.0,20.1,98,0.7,6.8,1014.1
2025-01-17T05:00,8.8,8.8,219.0,8.3,2.0,13.0,19.9,98,0.4,8.0,1014.5
2025-01-17T06:00,8.6,8.6,217.0,8.2,2.1,15.0,19.8,98,0.0,8.1,1015.0
2025-01-17T07:00,9.6,9.6,223.0,7.2,2.5,28.0,20.4,95,0.0,8.8,1015.7
2025-01-17T08:00,9.3,9.2,233.0,5.7,3.1,46.0,21.6,90,0.0,11.1,1015.7
2025-01-17T09:00,8.1,7.7,237.0,6.6,2.7,40.0,23.3,82,0.0,10.6,1015.7
2025-01-17T10:00,6.3,6.1,230.0,5.6,2.6,49.0,23.3,88,0.0,4.2,1016.3
2025-01-17T11:00,5.5,5.4,217.0,4.2,2.5,61.0,25.3,75,0.1,9.7,1015.6
2025-01-17T12:00,5.4,5.3,207.0,3.1,2.4,71.0,26.6,67,0.1,11.4,1015.0
2025-01-17T13:00,5.4,5.3,201.0,2.6,2.2,75.0,28.1,58,0.0,13.4,1014.3
2025-01-17T14:00,5.2,5.2,199.0,2.4,2.0,76.0,28.6,56,0.0,12.0,1013.8
2025-01-17T15:00,5.3,5.2,208.0,2.9,2.0,76.0,28.3,59,0.0,9.0,1013.4
2025-01-17T16:00,5.7,5.6,234.0,3.8,2.3,77.0,28.1,57,0.1,9.4,1012.9
2025-01-17T17:00,6.7,6.6,271.0,5.2,2.7,77.0,26.8,65,0.0,4.0,1012.4
2025-01-17T18:00,8.1,8.1,309.0,8.2,3.1,73.0,25.4,80,0.0,3.1,1013.0
2025-01-17T19:00,10.5,10.4,351.0,14.5,3.6,63.0,24.3,85,0.0,4.1,1013.6
2025-01-17T20:00,12.5,12.4,396.0,22.3,4.0,49.0,23.9,86,0.0,5.4,1014.5
2025-01-17T21:00,13.3,12.7,425.0,15.7,2.2,39.0,23.2,89,0.0,8.8,1015.1
2025-01-17T22:00,10.4,10.1,433.0,13.7,2.0,38.0,21.1,97,0.0,5.2,1016.3
2025-01-17T23:00,9.6,9.4,425.0,10.9,1.8,36.0,20.9,98,0.4,1.9,1016.2
2025-01-18T00:00,9.3,9.1,409.0,8.9,1.6,33.0,20.8,98,0.0,9.3,1016.5
2025-01-18T01:00,9.2,9.1,380.0,8.4,1.6,29.0,20.8,98,0.1,2.7,1015.6
2025-01-18T02:00,9.3,9.2,342.0,8.7,1.6,24.0,20.3,99,0.0,4.3,1015.0
2025-01-18T03:00,9.6,9.5,310.0,9.0,1.7,20.0,20.1,98,0.1,4.5,1014.8
2025-01-18T04:00,9.9,9.9,292.0,9.4,1.8,16.0,20.1,97,0.0,5.0,1014.6
2025-01-18T05:00,10.2,10.2,281.0,9.8,1.9,13.0,20.0,96,0.7,3.1,1014.7
2025-01-18T06:00,10.7,10.7,272.0,9.9,2.1,15.0,20.3,93,0.3,6.0,1015.0
2025-01-18T07:00,11.6,11.5,266.0,9.4,2.5,24.0,20.8,94,0.0,7.8,1015.7
2025-01-18T08:00,12.6,12.6,261.0,8.6,2.9,38.0,22.7,88,0.0,8.5,1015.7
2025-01-18T09:00,10.8,10.8,253.0,7.1,3.3,57.0,24.5,81,0.0,9.0,1015.9
2025-01-18T10:00,8.1,8.1,235.0,5.6,2.9,65.0,28.4,59,0.1,18.1,1014.9
2025-01-18T11:00,5.2,5.2,213.0,3.6,2.3,77.0,29.7,53,0.0,17.2,1014.5
2025-01-18T12:00,3.8,3.7,197.0,2.1,1.8,86.0,30.8,47,0.0,16.6,1013.7
2025-01-18T13:00,3.1,3.0,190.0,1.5,1.5,90.0,31.0,47,0.0,15.0,1013.1
2025-01-18T14:00,3.1,3.0,189.0,1.4,1.3,92.0,30.9,47,0.0,13.1,1012.6
2025-01-18T15:00,3.4,3.3,199.0,2.0,1.3,93.0,30.7,48,0.0,11.1,1011.9
2025-01-18T16:00,4.4,4.3,226.0,3.4,1.6,96.0,29.8,51,0.0,10.2,1011.4
2025-01-18T17:00,7.0,6.9,264.0,5.5,2.1,98.0,29.3,52,0.0,8.8,1011.3
2025-01-18T18:00,8.3,8.2,296.0,8.0,2.5,95.0,28.3,60,0.0,5.9,1011.3
2025-01-18T19:00,10.1,10.0,313.0,11.0,2.7,83.0,26.7,67,0.0,5.7,1011.6
2025-01-18T20:00,12.0,11.9,325.0,14.3,2.8,66.0,25.7,71,0.0,5.6,1012.2
2025-01-18T21:00,13.3,13.2,347.0,18.4,2.7,49.0,24.4,79,0.0,2.8,1013.3
2025-01-18T22:00,11.8,11.8,396.0,17.3,2.4,45.0,23.4,90,0.0,2.3,1014.5
2025-01-18T23:00,11.1,11.1,455.0,15.9,2.0,38.0,22.8,94,0.0,1.1,1014.3
2025-01-19T00:00,11.2,11.1,491.0,14.9,1.7,32.0,22.3,94,0.0,3.2,1013.8
2025-01-19T01:00,11.3,11.2,484.0,14.7,1.6,26.0,22.0,93,0.0,3.9,1013.4
2025-01-19T02:00,11.4,11.3,455.0,15.0,1.7,20.0,21.6,93,0.0,1.0,1012.9
2025-01-19T03:00,11.9,11.8,430.0,15.5,1.8,16.0,21.5,92,0.0,3.7,1012.5
2025-01-19T04:00,12.7,12.6,423.0,17.0,1.9,12.0,21.5,91,0.0,4.6,1012.3
2025-01-19T05:00,13.8,13.7,422.0,18.8,2.1,10.0,21.2,92,0.0,4.9,1012.4
2025-01-19T06:00,16.1,15.9,411.0,18.7,2.7,19.0,20.9,94,0.0,4.7,1013.1
2025-01-19T07:00,16.7,16.6,385.0,15.0,4.0,47.0,22.7,90,0.0,4.5,1013.6
2025-01-19T08:00,15.0,14.8,349.0,9.3,5.7,85.0,25.0,80,0.0,4.5,1013.7
2025-01-19T09:00,9.6,9.5,314.0,5.5,6.9,121.0,27.3,68,0.0,4.9,1013.7
2025-01-19T10:00,10.0,10.0,276.0,4.6,6.0,129.0,29.6,56,0.0,10.4,1013.2
2025-01-19T11:00,9.7,9.7,237.0,3.4,4.7,140.0,30.5,51,0.0,12.6,1012.4
2025-01-19T12:00,8.3,8.2,214.0,2.5,3.7,149.0,30.3,50,0.2,10.6,1012.3
2025-01-19T13:00,8.6,8.5,217.0,2.1,3.3,156.0,31.3,49,0.1,10.6,1011.2
2025-01-19T14:00,10.2,10.1,236.0,2.1,3.2,162.0,31.6,48,0.0,11.5,1010.5
2025-01-19T15:00,10.9,10.8,257.0,2.5,3.2,164.0,28.4,56,0.3,8.4,1011.5
2025-01-19T16:00,11.9,11.8,276.0,3.2,3.3,162.0,28.4,58,0.0,4.8,1010.3
2025-01-19T17:00,12.4,12.3,298.0,4.4,3.6,156.0,28.3,62,0.0,7.2,1010.1
2025-01-19T18:00,13.0,13.0,323.0,6.2,3.7,143.0,26.1,71,1.6,4.3,1010.7
2025-01-19T19:00,14.5,14.4,356.0,9.2,3.7,117.0,24.2,81,0.2,6.5,1011.2
2025-01-19T20:00,15.5,15.4,393.0,12.9,3.5,84.0,23.5,87,0.0,6.4,1011.6
2025-01-19T21:00,18.5,18.3,422.0,17.3,3.6,59.0,22.7,90,0.0,7.4,1012.7
2025-01-19T22:00,16.3,16.2,439.0,16.2,3.5,56.0,22.2,94,0.0,5.7,1013.0
2025-01-19T23:00,14.5,14.5,447.0,14.7,3.3,52.0,22.1,95,0.0,3.0,1013.3
2025-01-20T00:00,14.0,13.9,448.0,13.1,3.1,50.0,22.2,94,0.0,4.5,1012.9
2025-01-20T01:00,13.0,13.0,443.0,11.5,3.0,51.0,21.9,96,0.0,4.9,1012.3
2025-01-20T02:00,11.6,11.5,430.0,9.8,3.0,54.0,21.6,96,0.0,4.5,1011.6
2025-01-20T03:00,10.5,10.5,407.0,8.6,3.0,56.0,21.3,95,0.0,3.5,1011.2
2025-01-20T04:00,10.0,10.0,367.0,8.5,3.0,52.0,21.1,94,0.0,4.4,1011.5
2025-01-20T05:00,9.7,9.7,316.0,8.8,3.1,47.0,21.1,92,0.0,5.1,1011.6
2025-01-20T06:00,9.6,9.6,277.0,8.7,3.2,50.0,21.4,88,0.0,6.5,1012.0
2025-01-20T07:00,9.6,9.5,259.0,7.4,3.6,69.0,22.5,82,0.0,7.1,1012.5
2025-01-20T08:00,8.8,8.8,252.0,5.6,4.1,96.0,24.6,73,0.0,8.7,1012.8
2025-01-20T09:00,5.8,5.8,244.0,4.2,4.3,116.0,26.6,67,0.0,12.5,1012.5
2025-01-20T10:00,6.1,6.0,231.0,3.5,3.8,119.0,28.6,58,0.0,15.5,1012.4
2025-01-20T11:00,5.9,5.9,217.0,2.5,3.0,124.0,29.8,52,0.0,16.3,1011.6
2025-01-20T12:00,5.7,5.6,207.0,1.8,2.4,127.0,30.5,48,0.0,16.9,1011.0
2025-01-20T13:00,5.3,5.3,201.0,1.5,2.1,128.0,30.7,47,0.0,16.8,1010.1
2025-01-20T14:00,5.1,5.1,198.0,1.5,2.0,128.0,30.9,48,0.0,16.5,1009.4
2025-01-20T15:00,5.0,5.0,199.0,1.9,2.0,126.0,31.0,48,0.0,16.5,1008.6
2025-01-20T16:00,5.2,5.2,200.0,2.7,2.1,124.0,30.7,49,0.0,15.5,1007.8
2025-01-20T17:00,5.6,5.6,205.0,4.0,2.3,120.0,30.1,52,0.0,14.1,1007.6
2025-01-20T18:00,6.5,6.4,229.0,6.0,2.7,113.0,28.8,57,0.0,11.3,1008.0
2025-01-20T19:00,7.7,7.7,294.0,9.4,3.5,101.0,27.0,65,0.0,9.2,1008.6
2025-01-20T20:00,9.1,9.1,377.0,13.6,4.5,87.0,26.2,69,0.0,8.5,1009.4
2025-01-20T21:00,8.5,8.3,426.0,16.1,4.6,68.0,25.4,72,0.0,7.1,1010.1
2025-01-20T22:00,9.8,9.5,409.0,17.2,4.5,58.0,25.3,67,0.0,9.2,1010.8
2025-01-20T23:00,10.4,10.0,358.0,18.5,4.4,44.0,24.7,70,0.0,7.8,1011.0
2025-01-21T00:00,10.3,10.0,317.0,19.1,4.3,34.0,24.0,73,0.0,7.3,1011.1
2025-01-21T01:00,9.9,9.5,306.0,18.1,4.2,31.0,23.7,75,0.0,8.6,1010.9
2025-01-21T02:00,9.6,9.2,306.0,16.2,4.2,32.0,23.4,77,0.0,8.5,1010.6
2025-01-21T03:00,9.5,9.2,303.0,14.6,4.1,32.0,22.9,79,0.0,8.8,1010.8
2025-01-21T04:00,9.7,9.3,290.0,14.0,3.9,28.0,22.6,80,0.0,8.4,1010.9
2025-01-21T05:00,10.0,9.6,273.0,13.8,3.7,24.0,22.4,80,0.0,9.3,1011.3
2025-01-21T06:00,10.6,10.2,259.0,12.9,3.7,28.0,22.3,79,0.0,10.0,1012.1
2025-01-21T07:00,11.7,11.2,251.0,10.8,4.1,49.0,23.6,75,0.0,8.8,1012.8
2025-01-21T08:00,12.7,12.2,246.0,8.2,4.8,78.0,25.7,67,0.0,9.4,1013.2
2025-01-21T09:00,9.4,9.2,238.0,5.3,5.1,113.0,27.6,60,0.0,13.9,1012.9
2025-01-21T10:00,8.6,8.6,224.0,4.3,4.3,118.0,29.1,50,0.1,18.8,1013.5
2025-01-21T11:00,7.8,7.7,208.0,3.0,3.2,125.0,29.9,46,0.0,17.1,1013.1
2025-01-21T12:00,6.9,6.9,197.0,2.0,2.4,131.0,31.1,43,0.0,17.8,1012.4
2025-01-21T13:00,6.3,6.3,194.0,1.6,2.1,134.0,31.5,41,0.0,18.4,1011.9
2025-01-21T14:00,6.2,6.2,195.0,1.6,2.1,136.0,31.7,42,0.0,16.1,1011.6
2025-01-21T15:00,6.1,6.0,202.0,2.1,2.2,135.0,31.8,41,0.0,14.4,1011.1
2025-01-21T16:00,6.0,6.0,213.0,3.4,2.4,133.0,30.8,42,0.0,12.4,1011.4
2025-01-21T17:00,7.5,7.5,230.0,5.3,2.8,128.0,30.0,44,0.0,13.5,1011.5
2025-01-21T18:00,10.0,9.9,254.0,7.4,3.0,120.0,28.8,50,0.0,9.4,1011.7
2025-01-21T19:00,12.0,11.9,288.0,10.2,3.1,105.0,27.4,57,0.0,5.7,1012.0
2025-01-21T20:00,13.5,13.5,330.0,13.3,3.0,87.0,26.1,68,0.0,3.5,1012.4
2025-01-21T21:00,11.0,11.0,379.0,13.6,2.7,72.0,25.8,69,0.0,1.5,1013.1
2025-01-21T22:00,10.3,10.3,444.0,12.8,2.5,64.0,23.9,81,0.0,2.1,1014.9
2025-01-21T23:00,9.8,9.8,516.0,11.7,2.2,52.0,23.4,84,0.0,1.9,1015.2
2025-01-22T00:00,9.4,9.4,567.0,11.1,2.0,42.0,23.0,84,0.0,1.7,1014.9
2025-01-22T01:00,9.2,9.2,584.0,11.2,2.0,35.0,23.0,82,0.0,0.6,1014.6
2025-01-22T02:00,9.3,9.3,581.0,11.8,2.0,29.0,22.3,85,0.0,1.8,1014.2
2025-01-22T03:00,9.6,9.6,570.0,12.6,2.1,25.0,21.9,87,0.0,1.2,1014.1
2025-01-22T04:00,10.5,10.5,559.0,14.1,2.0,19.0,21.5,88,0.0,0.9,1014.4
2025-01-22T05:00,12.0,12.0,541.0,15.7,2.0,14.0,21.4,88,0.0,0.2,1014.6
2025-01-22T06:00,13.7,13.7,510.0,15.9,2.5,22.0,21.1,91,0.0,1.3,1015.3
2025-01-22T07:00,15.1,15.1,456.0,13.3,4.3,52.0,23.0,81,0.0,3.3,1016.3
2025-01-22T08:00,12.8,12.8,389.0,9.3,6.7,95.0,25.8,69,0.0,3.3,1016.6
2025-01-22T09:00,8.4,8.4,331.0,7.8,9.6,133.0,28.3,58,0.0,3.9,1016.4
2025-01-22T10:00,7.7,7.7,289.0,6.2,8.8,148.0,30.0,47,0.0,5.5,1016.5
2025-01-22T11:00,8.6,8.5,257.0,4.1,7.6,168.0,31.5,40,0.0,6.7,1015.9
2025-01-22T12:00,9.5,9.5,238.0,2.5,6.5,181.0,32.8,37,0.1,9.5,1015.2
2025-01-22T13:00,10.2,10.2,241.0,2.0,5.5,181.0,32.3,39,0.1,2.3,1014.9
2025-01-22T14:00,12.7,12.7,258.0,2.0,4.6,174.0,28.9,57,1.9,12.0,1015.1
2025-01-22T15:00,13.8,13.8,270.0,2.3,3.9,164.0,26.9,61,0.3,9.2,1015.2
2025-01-22T16:00,12.9,12.8,263.0,2.5,3.4,152.0,27.2,63,0.4,6.9,1015.2
2025-01-22T17:00,12.4,12.4,251.0,2.9,3.2,137.0,26.4,69,0.1,4.7,1015.1
2025-01-22T18:00,12.5,12.5,257.0,4.4,3.0,120.0,25.8,76,0.0,4.1,1015.5
2025-01-22T19:00,14.0,14.0,304.0,7.9,2.9,99.0,24.6,85,0.0,5.2,1015.8
2025-01-22T20:00,15.5,15.5,370.0,12.6,2.9,76.0,23.8,90,0.0,4.2,1016.5
2025-01-22T21:00,16.9,16.9,411.0,14.8,3.7,85.0,23.3,91,0.0,2.7,1016.5
2025-01-22T22:00,20.6,20.6,401.0,18.3,4.0,79.0,21.2,96,1.3,7.5,1019.5
2025-01-22T23:00,23.9,23.9,367.0,23.0,4.4,71.0,21.4,98,0.5,2.3,1018.5
2025-01-23T00:00,26.6,26.6,338.0,25.9,4.3,63.0,21.1,98,0.3,3.3,1018.2
2025-01-23T01:00,32.7,32.7,330.0,25.5,3.4,55.0,20.9,98,0.0,4.0,1017.4
2025-01-23T02:00,34.6,34.6,328.0,23.4,2.0,48.0,20.4,100,0.0,1.2,1016.5
2025-01-23T03:00,33.8,33.8,322.0,21.3,1.1,42.0,20.5,98,0.0,3.1,1015.7
2025-01-23T04:00,34.1,34.1,307.0,20.0,0.9,36.0,20.6,98,0.0,3.5,1015.6
2025-01-23T05:00,35.9,35.9,288.0,18.7,1.1,33.0,20.5,97,0.0,4.5,1015.7
2025-01-23T06:00,34.8,34.7,273.0,16.5,1.5,39.0,20.6,96,0.0,2.4,1016.3
2025-01-23T07:00,29.2,29.2,269.0,12.6,2.2,63.0,21.4,94,0.0,3.1,1016.9
2025-01-23T08:00,21.8,21.7,269.0,7.9,3.1,97.0,22.7,89,0.0,1.1,1017.3
2025-01-23T09:00,13.6,13.5,265.0,5.6,8.5,145.0,24.6,79,0.0,2.3,1017.4
2025-01-23T10:00,13.8,13.7,250.0,4.5,7.5,157.0,26.7,60,0.0,1.1,1018.0
2025-01-23T11:00,14.5,14.4,231.0,3.1,6.1,174.0,28.6,50,0.0,4.6,1017.3
2025-01-23T12:00,14.6,14.4,223.0,2.0,4.9,184.0,29.5,45,0.0,7.4,1016.7
2025-01-23T13:00,14.6,14.5,236.0,1.7,4.2,183.0,31.6,38,0.0,9.1,1015.6
2025-01-23T14:00,14.5,14.3,260.0,1.9,3.8,175.0,32.4,36,0.0,6.9,1014.4
2025-01-23T15:00,13.4,13.2,278.0,2.1,3.3,164.0,26.6,69,0.9,14.3,1016.0
2025-01-23T16:00,13.0,12.7,279.0,2.0,2.7,151.0,26.5,69,1.1,14.1,1015.5
2025-01-23T17:00,11.4,11.1,275.0,2.1,2.2,136.0,25.2,79,0.1,6.7,1015.3
2025-01-23T18:00,9.8,9.6,282.0,2.8,1.8,120.0,24.8,79,0.3,5.0,1015.3
2025-01-23T19:00,9.5,9.3,314.0,4.8,1.8,102.0,23.6,86,0.0,7.4,1015.8
2025-01-23T20:00,10.2,10.0,356.0,7.6,1.9,83.0,22.9,90,0.0,5.8,1016.6
2025-01-23T21:00,11.8,11.6,385.0,10.9,2.1,67.0,22.4,93,0.0,5.9,1017.0
2025-01-23T22:00,13.2,13.0,387.0,12.1,2.2,63.0,21.9,90,0.0,6.5,1017.7
2025-01-23T23:00,14.5,14.3,375.0,13.8,2.4,58.0,21.9,90,0.0,3.4,1017.8
2025-01-24T00:00,15.5,15.4,365.0,15.4,2.3,53.0,21.7,91,0.0,2.9,1017.3
2025-01-24T01:00,19.2,19.1,363.0,16.8,1.8,48.0,21.0,94,0.0,1.7,1016.8
2025-01-24T02:00,23.1,23.0,363.0,18.0,1.0,42.0,20.8,94,0.0,0.2,1016.3
2025-01-24T03:00,25.3,25.3,358.0,18.7,0.5,37.0,20.7,94,0.0,0.7,1016.1
2025-01-24T04:00,25.8,25.7,343.0,19.0,0.3,27.0,20.3,96,0.0,1.7,1016.0
2025-01-24T05:00,26.1,26.1,322.0,18.8,0.2,18.0,20.2,96,0.0,3.1,1015.7
2025-01-24T06:00,27.5,27.5,307.0,17.2,0.5,21.0,19.9,96,0.0,4.4,1016.1
2025-01-24T07:00,22.8,22.8,305.0,13.1,1.5,49.0,20.6,96,0.0,4.9,1016.8
2025-01-24T08:00,15.2,15.2,307.0,7.6,2.8,90.0,22.5,86,0.0,5.2,1017.1
2025-01-24T09:00,9.3,9.2,303.0,5.4,7.6,133.0,25.0,73,0.0,4.0,1016.8
2025-01-24T10:00,8.2,8.1,283.0,4.2,6.3,135.0,27.1,62,0.0,4.5,1016.8
2025-01-24T11:00,7.6,7.5,256.0,2.6,4.5,137.0,28.7,55,0.0,4.0,1016.0
2025-01-24T12:00,6.9,6.8,236.0,1.4,3.1,136.0,30.3,49,0.0,4.9,1015.2
2025-01-24T13:00,6.3,6.1,231.0,1.0,2.4,131.0,31.1,46,0.0,1.7,1014.3
2025-01-24T14:00,6.0,5.8,233.0,1.2,2.0,123.0,25.8,76,2.1,10.4,1014.9
2025-01-24T15:00,5.9,5.6,237.0,1.5,1.7,115.0,27.0,65,0.8,10.5,1014.1
2025-01-24T16:00,6.5,6.1,240.0,2.0,1.6,107.0,25.9,73,0.6,9.5,1014.2
2025-01-24T17:00,6.1,5.7,244.0,2.8,1.6,99.0,24.5,83,3.9,4.6,1014.5
2025-01-24T18:00,6.0,5.7,253.0,3.8,1.6,90.0,21.4,93,6.1,0.9,1015.1
2025-01-24T19:00,6.3,6.0,270.0,5.0,1.5,78.0,21.2,96,0.2,4.5,1015.2
2025-01-24T20:00,6.7,6.4,292.0,6.5,1.4,64.0,21.0,98,0.1,0.3,1015.6
2025-01-24T21:00,10.8,10.3,307.0,10.2,1.8,50.0,21.2,97,0.0,3.6,1016.0
2025-01-24T22:00,11.4,11.0,311.0,10.2,1.8,46.0,20.9,98,0.0,4.6,1016.5
2025-01-24T23:00,11.1,10.9,307.0,10.2,1.7,41.0,20.6,98,0.0,4.2,1016.6
2025-01-25T00:00,8.0,7.8,301.0,10.2,1.6,36.0,20.2,98,0.0,3.2,1016.2
2025-01-25T01:00,8.3,8.1,291.0,10.2,1.4,30.0,19.7,99,0.0,0.8,1015.7
2025-01-25T02:00,8.8,8.7,277.0,10.3,1.3,24.0,19.7,99,0.0,0.9,1015.5
2025-01-25T03:00,9.7,9.7,265.0,10.6,1.2,19.0,19.5,99,0.0,1.9,1015.1
2025-01-25T04:00,10.9,10.9,255.0,11.5,1.3,13.0,19.8,99,0.0,4.5,1014.7
2025-01-25T05:00,12.3,12.3,247.0,12.6,1.5,9.0,19.8,99,0.0,4.8,1014.9
2025-01-25T06:00,14.6,14.6,245.0,12.6,2.0,15.0,20.0,98,0.0,5.9,1015.4
2025-01-25T07:00,16.0,16.0,259.0,10.3,2.9,42.0,20.5,97,0.0,7.2,1016.0
2025-01-25T08:00,16.4,16.4,280.0,6.9,4.0,79.0,22.2,88,0.0,6.9,1016.2
2025-01-25T09:00,12.4,12.4,286.0,4.7,5.1,113.0,24.5,78,0.0,7.5,1015.8
2025-01-25T10:00,10.9,10.8,259.0,3.9,4.7,125.0,27.5,66,0.0,9.3,1015.4
2025-01-25T11:00,10.4,10.4,216.0,2.7,4.2,141.0,29.8,54,0.0,10.2,1014.7
2025-01-25T12:00,10.1,10.1,189.0,2.0,3.7,151.0,31.0,48,0.0,10.5,1013.8
2025-01-25T13:00,10.0,10.0,194.0,1.9,3.3,150.0,31.7,46,0.0,10.8,1012.8
2025-01-25T14:00,9.7,9.5,213.0,2.1,3.0,144.0,31.8,45,0.0,7.7,1011.8
2025-01-25T15:00,9.8,9.7,228.0,2.7,2.8,136.0,28.8,57,1.3,13.8,1012.0
2025-01-25T16:00,10.1,10.0,223.0,3.6,2.6,128.0,26.2,73,3.6,5.5,1012.2
2025-01-25T17:00,11.2,11.1,212.0,4.9,2.5,118.0,26.3,72,0.0,7.1,1012.2
2025-01-25T18:00,10.8,10.7,221.0,6.3,2.5,107.0,25.9,74,0.0,5.0,1012.3
2025-01-25T19:00,9.9,9.9,268.0,7.8,2.5,92.0,22.2,96,6.5,5.6,1014.3
2025-01-25T20:00,9.7,9.7,334.0,9.4,2.5,76.0,22.2,96,0.3,8.4,1014.6
2025-01-25T21:00,10.0,10.0,388.0,13.6,3.0,54.0,22.3,95,0.3,5.8,1014.8
2025-01-25T22:00,10.8,10.8,420.0,13.9,3.0,51.0,22.4,96,0.0,5.4,1015.4
2025-01-25T23:00,9.8,9.8,440.0,14.2,3.0,47.0,21.6,95,1.6,0.6,1016.0
2025-01-26T00:00,9.7,9.7,445.0,14.0,3.0,44.0,21.7,99,0.2,4.7,1015.4
2025-01-26T01:00,6.4,6.4,428.0,12.7,2.9,41.0,21.3,98,0.1,4.7,1014.4
2025-01-26T02:00,6.1,6.1,395.0,10.9,2.9,39.0,20.9,99,0.0,3.7,1013.4
2025-01-26T03:00,6.0,6.0,367.0,9.6,2.8,37.0,20.7,98,0.0,4.7,1013.0
2025-01-26T04:00,6.0,6.0,351.0,9.5,2.7,32.0,20.3,99,0.0,3.3,1012.9
2025-01-26T05:00,6.4,6.4,339.0,9.9,2.6,27.0,20.2,99,0.0,2.3,1013.2
2025-01-26T06:00,6.8,6.8,326.0,9.9,2.9,29.0,20.6,98,0.0,4.4,1013.6
2025-01-26T07:00,7.9,7.9,311.0,9.2,3.9,45.0,21.4,96,0.1,4.6,1014.4
2025-01-26T08:00,9.4,9.4,296.0,8.1,5.2,68.0,22.4,91,0.0,2.4,1014.8
2025-01-26T09:00,11.9,11.9,280.0,8.8,5.3,68.0,24.9,80,0.0,5.4,1014.9
2025-01-26T10:00,13.2,13.2,261.0,7.1,5.6,99.0,26.4,72,0.0,6.6,1014.9
2025-01-26T11:00,14.4,14.3,242.0,4.8,5.9,140.0,28.2,63,0.0,8.4,1014.5
2025-01-26T12:00,15.3,15.1,230.0,3.1,5.7,166.0,30.0,56,0.0,10.4,1013.5
2025-01-26T13:00,17.3,17.1,228.0,2.6,4.6,163.0,29.1,55,0.0,6.9,1012.6
2025-01-26T14:00,16.9,16.6,233.0,2.7,3.1,144.0,22.7,89,7.9,13.8,1014.2
2025-01-26T15:00,14.2,13.7,241.0,3.1,2.0,125.0,23.3,86,0.4,11.6,1013.6
2025-01-26T16:00,12.6,12.1,246.0,3.8,1.7,111.0,24.1,84,0.3,8.0,1013.2
2025-01-26T17:00,10.6,9.8,253.0,4.7,1.7,97.0,22.7,87,4.0,5.9,1013.9
2025-01-26T18:00,8.5,7.9,274.0,5.8,1.8,85.0,21.7,99,1.4,0.0,1013.8
2025-01-26T19:00,9.0,8.4,320.0,7.1,1.8,74.0,21.4,98,1.2,1.1,1013.8
2025-01-26T20:00,9.3,8.7,380.0,8.5,1.9,64.0,21.4,98,0.4,1.7,1014.5
2025-01-26T21:00,6.7,6.0,426.0,10.2,1.7,51.0,21.1,97,1.0,5.0,1015.1
2025-01-26T22:00,6.3,5.6,450.0,10.5,1.6,47.0,20.9,97,0.1,1.7,1015.8
2025-01-26T23:00,6.5,5.9,461.0,11.0,1.6,42.0,20.6,97,0.0,1.7,1016.0
2025-01-27T00:00,6.5,5.9,455.0,11.4,1.6,37.0,20.5,98,0.0,2.1,1015.7
2025-01-27T01:00,6.2,5.5,421.0,11.7,1.8,34.0,20.2,98,0.0,3.4,1014.9
2025-01-27T02:00,7.0,6.2,371.0,11.8,2.0,32.0,20.1,99,0.0,6.1,1014.6
2025-01-27T03:00,8.8,7.9,338.0,11.9,2.2,31.0,19.9,99,0.0,5.7,1014.2
2025-01-27T04:00,11.2,10.4,344.0,12.0,2.2,29.0,19.6,99,0.0,3.9,1013.7
2025-01-27T05:00,11.1,10.2,368.0,12.0,2.2,27.0,19.5,99,0.0,5.5,1013.8
2025-01-27T06:00,10.0,9.1,378.0,11.4,2.2,30.0,19.5,99,0.0,4.8,1014.3
2025-01-27T07:00,11.5,10.1,356.0,9.8,2.5,42.0,20.4,94,0.0,7.3,1014.8
2025-01-27T08:00,11.5,10.1,321.0,7.6,2.8,58.0,22.0,84,0.0,4.2,1015.1
2025-01-27T09:00,9.8,8.5,293.0,6.6,3.4,70.0,23.7,75,0.0,1.3,1015.1
2025-01-27T10:00,9.3,7.7,284.0,5.4,2.8,83.0,24.4,76,0.2,2.7,1015.1
2025-01-27T11:00,9.2,7.7,282.0,3.7,1.9,99.0,26.3,66,0.1,2.1,1014.4
2025-01-27T12:00,7.8,7.1,274.0,2.5,1.3,109.0,22.6,92,8.9,3.5,1014.9
2025-01-27T13:00,7.7,7.0,251.0,2.2,1.2,105.0,23.0,88,2.9,7.7,1014.5
2025-01-27T14:00,8.6,7.4,222.0,2.4,1.4,94.0,23.3,83,1.0,10.0,1014.1
2025-01-27T15:00,7.3,6.2,205.0,2.7,1.5,83.0,23.8,86,0.8,6.9,1013.5
2025-01-27T16:00,6.1,5.1,207.0,2.9,1.5,74.0,23.8,80,0.7,8.2,1012.9
2025-01-27T17:00,5.7,4.7,220.0,3.3,1.4,66.0,22.1,89,1.8,3.4,1012.9
2025-01-27T18:00,5.6,4.6,236.0,4.5,1.4,57.0,21.9,92,0.4,3.3,1012.9
2025-01-27T19:00,5.9,4.9,256.0,7.1,1.6,49.0,21.1,94,0.1,5.0,1013.8
2025-01-27T20:00,7.5,6.4,279.0,10.6,1.9,41.0,21.0,95,0.0,5.8,1014.4
2025-01-27T21:00,8.4,7.2,293.0,10.6,2.0,39.0,20.6,96,0.0,4.2,1015.2
2025-01-27T22:00,9.6,8.6,288.0,12.9,2.2,35.0,20.0,95,0.0,5.7,1015.6
2025-01-27T23:00,10.8,9.7,274.0,16.1,2.4,29.0,19.7,96,0.0,2.4,1015.6
2025-01-28T00:00,11.3,10.4,267.0,18.9,2.6,24.0,19.7,94,0.0,0.3,1015.2
2025-01-28T01:00,13.8,13.1,280.0,20.8,2.6,20.0,19.4,95,0.0,0.9,1014.4
2025-01-28T02:00,15.5,14.8,300.0,22.2,2.6,16.0,19.2,96,0.0,1.8,1013.7
2025-01-28T03:00,17.5,17.0,307.0,23.3,2.7,13.0,19.0,98,0.0,2.1,1013.1
2025-01-28T04:00,19.2,18.8,285.0,24.5,3.0,9.0,19.3,98,0.0,2.1,1013.2
2025-01-28T05:00,20.3,20.0,251.0,25.3,3.5,5.0,19.6,98,0.0,1.9,1013.5
2025-01-28T06:00,21.4,21.1,230.0,24.2,4.1,10.0,19.6,98,0.0,1.7,1014.1
2025-01-28T07:00,18.0,17.8,241.0,19.4,5.2,31.0,19.9,97,0.0,3.1,1014.8
2025-01-28T08:00,12.6,12.3,267.0,12.6,6.5,61.0,20.7,93,0.0,3.2,1015.1
2025-01-28T09:00,6.5,6.2,279.0,5.8,5.5,81.0,22.7,82,0.0,5.2,1015.3
2025-01-28T10:00,5.4,5.2,260.0,5.3,4.4,88.0,25.1,77,0.1,4.7,1014.9
2025-01-28T11:00,6.6,6.6,228.0,4.7,2.8,98.0,26.6,68,0.1,6.2,1013.9
2025-01-28T12:00,6.7,6.6,210.0,4.1,1.6,103.0,24.5,80,6.9,8.7,1014.0
2025-01-28T13:00,6.6,6.3,222.0,3.5,1.2,99.0,22.7,91,9.7,4.9,1014.1
2025-01-28T14:00,6.7,5.9,248.0,2.9,1.3,90.0,23.1,87,0.3,5.6,1012.8
2025-01-28T15:00,6.8,5.9,265.0,2.9,1.4,83.0,25.2,76,0.0,6.9,1011.7
2025-01-28T16:00,7.1,6.2,258.0,3.8,1.4,80.0,25.6,74,0.1,0.2,1011.7
2025-01-28T17:00,6.6,5.9,243.0,5.3,1.5,79.0,23.4,85,1.4,3.8,1011.8
2025-01-28T18:00,7.0,6.4,240.0,6.7,1.6,74.0,22.0,96,2.2,4.7,1011.9
2025-01-28T19:00,6.8,6.3,267.0,8.1,1.6,63.0,21.4,98,0.1,8.2,1012.6
2025-01-28T20:00,7.3,6.8,306.0,9.5,1.6,49.0,20.8,98,1.8,4.5,1013.5
2025-01-28T21:00,10.2,9.9,329.0,13.6,1.9,35.0,20.9,99,0.1,5.5,1014.2
2025-01-28T22:00,9.4,9.1,320.0,12.6,1.9,33.0,20.9,97,0.3,5.2,1014.8
2025-01-28T23:00,8.9,8.5,295.0,11.3,1.8,31.0,20.6,98,0.1,4.8,1014.8
2025-01-29T00:00,8.5,8.1,270.0,10.6,1.8,28.0,20.4,98,0.3,3.8,1014.1
2025-01-29T01:00,7.9,7.6,248.0,11.1,1.8,24.0,20.3,98,0.5,4.2,1013.6
2025-01-29T02:00,7.4,7.2,226.0,12.1,1.9,20.0,20.3,98,0.7,3.2,1012.9
2025-01-29T03:00,7.9,7.7,211.0,13.0,2.0,17.0,20.2,98,2.2,2.9,1012.9
2025-01-29T04:00,8.7,8.6,207.0,13.7,2.1,14.0,20.0,98,0.4,4.0,1012.6
2025-01-29T05:00,9.5,9.4,211.0,14.1,2.3,11.0,19.9,98,0.2,3.3,1012.7
2025-01-29T06:00,10.0,9.9,220.0,13.4,2.4,16.0,19.7,98,0.1,5.2,1013.2
2025-01-29T07:00,8.8,8.7,238.0,10.5,2.4,34.0,20.3,96,0.0,6.0,1013.6
2025-01-29T08:00,9.4,9.3,261.0,6.4,2.3,60.0,20.7,96,0.1,5.5,1014.1
2025-01-29T09:00,5.8,5.7,274.0,3.6,2.0,72.0,22.1,89,0.1,5.0,1014.2
2025-01-29T10:00,5.4,5.4,266.0,3.2,1.8,76.0,25.2,79,0.2,3.5,1014.2
2025-01-29T11:00,5.5,5.4,249.0,2.8,1.6,82.0,26.1,73,0.3,2.0,1013.7
2025-01-29T12:00,6.2,5.8,242.0,2.5,1.5,86.0,23.1,89,3.5,5.3,1013.8
2025-01-29T13:00,6.9,6.1,258.0,2.4,1.5,86.0,23.3,84,3.8,6.1,1013.7
2025-01-29T14:00,7.6,6.5,284.0,2.6,1.7,84.0,22.4,90,1.3,3.7,1013.1
2025-01-29T15:00,8.6,7.5,299.0,3.4,1.8,81.0,23.3,87,0.7,1.3,1011.8
2025-01-29T16:00,9.4,8.3,290.0,5.5,2.0,75.0,24.4,78,0.2,3.1,1011.3
2025-01-29T17:00,9.6,8.6,269.0,8.2,2.2,68.0,24.1,78,0.1,3.9,1010.8
2025-01-29T18:00,9.0,8.4,255.0,9.8,2.3,62.0,22.3,87,0.5,8.8,1011.3
2025-01-29T19:00,7.9,7.2,256.0,9.2,2.1,59.0,21.6,90,0.2,6.1,1012.2
2025-01-29T20:00,6.6,6.0,264.0,7.6,1.9,58.0,21.1,92,0.2,7.9,1012.9
2025-01-29T21:00,11.1,10.7,270.0,13.8,2.9,49.0,20.6,96,0.1,3.2,1013.4
2025-01-29T22:00,5.2,5.1,273.0,13.0,2.8,45.0,20.4,99,0.3,7.9,1013.1
2025-01-29T23:00,4.6,4.5,274.0,12.0,2.7,39.0,20.2,99,0.5,6.9,1013.1
2025-01-30T00:00,3.2,3.2,273.0,11.2,2.6,34.0,20.2,97,0.1,3.7,1012.9
2025-01-30T01:00,4.5,4.5,267.0,11.0,2.7,31.0,20.1,98,0.4,2.7,1012.5
2025-01-30T02:00,6.1,6.0,260.0,11.1,2.9,30.0,20.0,99,0.9,3.1,1011.6
2025-01-30T03:00,5.4,5.4,258.0,11.4,3.1,28.0,20.0,99,1.0,4.0,1010.9
2025-01-30T04:00,5.6,5.6,270.0,12.1,3.1,23.0,20.1,99,0.6,2.0,1010.8
2025-01-30T05:00,7.5,7.4,287.0,13.0,3.0,18.0,20.2,98,0.4,1.3,1011.1
2025-01-30T06:00,7.2,7.2,297.0,13.0,3.2,21.0,20.2,97,0.8,2.7,1011.6
2025-01-30T07:00,10.0,9.9,291.0,11.5,4.2,41.0,20.8,96,1.3,4.1,1012.4
2025-01-30T08:00,13.2,13.2,277.0,9.3,5.4,70.0,21.1,95,0.8,5.9,1012.8
2025-01-30T09:00,9.7,9.7,263.0,9.7,4.5,60.0,21.7,93,0.5,6.3,1013.1
2025-01-30T10:00,10.9,10.9,251.0,8.3,4.2,71.0,24.1,82,0.1,7.1,1012.7
2025-01-30T11:00,10.9,10.9,240.0,6.4,3.7,86.0,25.9,71,0.3,13.3,1012.0
2025-01-30T12:00,10.1,10.1,235.0,5.1,3.4,95.0,23.4,87,8.0,11.3,1012.3
2025-01-30T13:00,9.7,9.7,237.0,5.1,3.2,93.0,23.6,83,2.0,6.8,1012.2
2025-01-30T14:00,9.1,9.0,244.0,5.8,3.2,86.0,24.9,78,0.3,6.4,1011.1
2025-01-30T15:00,9.4,9.3,256.0,6.5,3.2,82.0,24.0,82,0.3,2.2,1010.6
2025-01-30T16:00,10.0,9.9,275.0,7.0,3.5,86.0,23.2,85,5.6,10.5,1010.3
2025-01-30T17:00,10.4,10.3,300.0,7.4,3.8,92.0,21.5,97,3.0,3.1,1010.6
2025-01-30T18:00,9.5,9.4,324.0,8.2,3.9,92.0,21.2,95,0.9,9.2,1011.0
2025-01-30T19:00,9.7,9.7,351.0,9.4,3.4,80.0,20.4,99,0.9,4.1,1011.7
2025-01-30T20:00,9.1,9.1,376.0,10.9,2.7,63.0,20.2,98,1.7,3.2,1012.4
2025-01-30T21:00,17.8,17.6,386.0,17.7,4.0,47.0,20.0,98,0.4,4.0,1012.7
2025-01-30T22:00,15.6,15.5,367.0,17.5,4.0,46.0,20.0,99,0.5,3.2,1012.4
2025-01-30T23:00,10.1,10.1,332.0,17.1,3.9,45.0,20.0,98,2.5,2.0,1012.2
2025-01-31T00:00,4.6,4.6,301.0,16.5,3.8,44.0,19.9,98,2.7,6.0,1012.3
2025-01-31T01:00,3.6,3.6,284.0,15.6,3.7,42.0,19.8,98,1.5,5.2,1011.5
2025-01-31T02:00,3.9,3.9,272.0,14.6,3.5,39.0,19.7,98,0.6,4.8,1011.0
2025-01-31T03:00,4.9,4.9,259.0,13.6,3.3,36.0,19.7,98,0.6,5.4,1010.5
2025-01-31T04:00,3.9,3.9,238.0,12.9,3.0,31.0,19.6,98,0.4,6.9,1010.5
2025-01-31T05:00,4.4,4.4,216.0,12.2,2.6,25.0,19.6,98,2.0,4.6,1010.3
2025-01-31T06:00,4.6,4.6,204.0,11.1,2.4,27.0,19.7,97,3.8,5.6,1010.5
2025-01-31T07:00,5.7,5.7,214.0,9.1,2.5,42.0,19.8,96,2.2,10.2,1011.0
2025-01-31T08:00,6.4,6.4,235.0,6.6,2.8,64.0,21.0,92,2.6,12.2,1011.4
2025-01-31T09:00,4.8,4.8,246.0,6.8,3.3,66.0,20.6,97,1.8,10.7,1011.6
2025-01-31T10:00,5.5,5.5,235.0,5.5,3.1,80.0,21.9,97,0.7,7.2,1011.9
2025-01-31T11:00,6.2,6.2,215.0,3.8,2.9,99.0,22.8,90,0.3,8.1,1011.6
2025-01-31T12:00,6.0,6.0,201.0,2.9,2.7,109.0,23.4,82,0.2,10.7,1011.3
2025-01-31T13:00,5.6,5.6,201.0,3.4,2.5,102.0,23.3,82,0.5,11.8,1010.4
2025-01-31T14:00,5.7,5.5,209.0,4.7,2.2,87.0,24.0,83,0.4,8.3,1009.9
2025-01-31T15:00,6.0,5.8,219.0,6.0,2.1,75.0,25.6,75,0.1,10.4,1008.5
2025-01-31T16:00,6.3,6.1,231.0,6.9,2.3,72.0,21.7,90,2.5,2.8,1009.6
2025-01-31T17:00,6.2,6.1,246.0,7.9,2.6,71.0,21.7,90,0.4,1.9,1009.7
2025-01-31T18:00,6.4,6.3,264.0,9.0,2.8,68.0,20.5,97,2.2,2.0,1009.8
2025-01-31T19:00,7.7,7.6,289.0,10.6,2.8,57.0,20.0,98,1.5,0.9,1010.4
2025-01-31T20:00,8.2,8.1,318.0,12.5,2.8,43.0,20.2,97,1.1,0.7,1010.8
2025-01-31T21:00,12.2,12.0,333.0,13.3,2.3,33.0,20.2,98,0.5,6.8,1011.1
2025-01-31T22:00,10.2,10.1,324.0,13.3,2.2,29.0,19.9,100,1.6,4.5,1012.0
2025-01-31T23:00,10.3,10.2,303.0,13.2,2.1,23.0,20.0,99,1.0,4.5,1011.7
