modelo,grupo_features,limiar,folds,media_precisao_classe_1,media_recall_classe_1,media_f1_classe_1,tn_total,fp_total,fn_total,tp_total,alertas_total,negativos_validacao,positivos_validacao,horas_validacao,taxa_falso_positivo_agregada,taxa_falso_negativo_agregada,alertas_por_1000_horas,episodios_alerta_por_1000_horas,proporcao_falsos_alertas,semanas_com_validacao,episodios_alerta_total,max_episodios_em_uma_semana,max_horas_alerta_em_uma_semana,semanas_com_mais_de_3_episodios,episodios_por_semana_media
gaussian_naive_bayes,poluentes_brutos_meteorologia,0.0,4,0.0505,1.0,0.0955,0,8340,0,444,8784,8340,444,8784,1.0,0.0,1000.0,0.1138,0.9495,54,1,1,168,0,0.0185
gaussian_naive_bayes,poluentes_brutos_meteorologia,0.01,4,0.2111,0.9525,0.3428,6822,1518,22,422,1940,8340,444,8784,0.182,0.0495,220.8561,28.9162,0.7825,54,254,9,88,39,4.7037
gaussian_naive_bayes,poluentes_brutos_meteorologia,0.02,4,0.2301,0.9312,0.3665,7010,1330,30,414,1744,8340,444,8784,0.1595,0.0676,198.5428,26.7532,0.7626,54,235,8,82,35,4.3519
gaussian_naive_bayes,poluentes_brutos_meteorologia,0.03,4,0.2394,0.917,0.3775,7100,1240,36,408,1648,8340,444,8784,0.1487,0.0811,187.6138,25.6148,0.7524,54,225,8,78,36,4.1667
gaussian_naive_bayes,poluentes_brutos_meteorologia,0.04,4,0.2496,0.9094,0.3895,7177,1163,40,404,1567,8340,444,8784,0.1394,0.0901,178.3925,25.1594,0.7422,54,221,9,76,35,4.0926
gaussian_naive_bayes,poluentes_brutos_meteorologia,0.05,4,0.254,0.9005,0.3944,7215,1125,43,401,1526,8340,444,8784,0.1349,0.0968,173.725,25.1594,0.7372,54,221,9,74,35,4.0926
gaussian_naive_bayes,poluentes_brutos_meteorologia,0.06,4,0.2593,0.8886,0.3996,7261,1079,49,395,1474,8340,444,8784,0.1294,0.1104,167.8051,24.4763,0.732,54,215,9,73,35,3.9815
gaussian_naive_bayes,poluentes_brutos_meteorologia,0.07,4,0.2625,0.8769,0.402,7295,1045,55,389,1434,8340,444,8784,0.1253,0.1239,163.2514,24.1348,0.7287,54,212,8,72,34,3.9259
gaussian_naive_bayes,poluentes_brutos_meteorologia,0.08,4,0.2681,0.8725,0.4082,7329,1011,57,387,1398,8340,444,8784,0.1212,0.1284,159.153,23.9071,0.7232,54,210,8,72,34,3.8889
gaussian_naive_bayes,poluentes_brutos_meteorologia,0.09,4,0.2718,0.8703,0.4124,7350,990,58,386,1376,8340,444,8784,0.1187,0.1306,156.6485,23.6794,0.7195,54,208,8,72,33,3.8519
gaussian_naive_bayes,poluentes_brutos_meteorologia,0.1,4,0.2761,0.8681,0.4172,7374,966,59,385,1351,8340,444,8784,0.1158,0.1329,153.8024,23.6794,0.715,54,208,8,70,33,3.8519
gaussian_naive_bayes,poluentes_brutos_meteorologia,0.11,4,0.2799,0.8607,0.4205,7400,940,62,382,1322,8340,444,8784,0.1127,0.1396,150.5009,23.224,0.711,54,204,7,70,32,3.7778
gaussian_naive_bayes,poluentes_brutos_meteorologia,0.12,4,0.2829,0.8585,0.4238,7416,924,63,381,1305,8340,444,8784,0.1108,0.1419,148.5656,23.224,0.708,54,204,7,69,32,3.7778
gaussian_naive_bayes,poluentes_brutos_meteorologia,0.13,4,0.2831,0.8493,0.4231,7426,914,66,378,1292,8340,444,8784,0.1096,0.1486,147.0856,23.4517,0.7074,54,206,7,69,32,3.8148
gaussian_naive_bayes,poluentes_brutos_meteorologia,0.14,4,0.2858,0.8402,0.4251,7446,894,68,376,1270,8340,444,8784,0.1072,0.1532,144.5811,23.3379,0.7039,54,205,7,69,33,3.7963
gaussian_naive_bayes,poluentes_brutos_meteorologia,0.15,4,0.2872,0.832,0.4256,7461,879,71,373,1252,8340,444,8784,0.1054,0.1599,142.5319,22.8825,0.7021,54,201,7,69,33,3.7222
gaussian_naive_bayes,poluentes_brutos_meteorologia,0.16,4,0.2885,0.8306,0.4269,7469,871,72,372,1243,8340,444,8784,0.1044,0.1622,141.5073,22.9964,0.7007,54,202,7,69,33,3.7407
gaussian_naive_bayes,poluentes_brutos_meteorologia,0.17,4,0.2923,0.8222,0.4302,7490,850,75,369,1219,8340,444,8784,0.1019,0.1689,138.775,22.7687,0.6973,54,200,7,69,33,3.7037
gaussian_naive_bayes,poluentes_brutos_meteorologia,0.18,4,0.2932,0.8129,0.43,7501,839,79,365,1204,8340,444,8784,0.1006,0.1779,137.0674,22.6548,0.6968,54,199,7,69,32,3.6852
gaussian_naive_bayes,poluentes_brutos_meteorologia,0.19,4,0.2943,0.8069,0.4304,7511,829,81,363,1192,8340,444,8784,0.0994,0.1824,135.7013,22.3133,0.6955,54,196,7,68,31,3.6296
gaussian_naive_bayes,poluentes_brutos_meteorologia,0.2,4,0.2971,0.8047,0.4331,7523,817,82,362,1179,8340,444,8784,0.098,0.1847,134.2213,22.1995,0.693,54,195,8,67,31,3.6111
gaussian_naive_bayes,poluentes_brutos_meteorologia,0.21,4,0.298,0.8025,0.4338,7528,812,83,361,1173,8340,444,8784,0.0974,0.1869,133.5383,22.1995,0.6922,54,195,8,67,31,3.6111
gaussian_naive_bayes,poluentes_brutos_meteorologia,0.22,4,0.2991,0.7951,0.4338,7540,800,86,358,1158,8340,444,8784,0.0959,0.1937,131.8306,21.9718,0.6908,54,193,8,66,31,3.5741
gaussian_naive_bayes,poluentes_brutos_meteorologia,0.23,4,0.2994,0.788,0.4332,7548,792,89,355,1147,8340,444,8784,0.095,0.2005,130.5783,21.7441,0.6905,54,191,8,66,30,3.537
gaussian_naive_bayes,poluentes_brutos_meteorologia,0.24,4,0.3018,0.788,0.4357,7556,784,89,355,1139,8340,444,8784,0.094,0.2005,129.6676,21.6302,0.6883,54,190,8,65,29,3.5185
gaussian_naive_bayes,poluentes_brutos_meteorologia,0.25,4,0.3033,0.788,0.4373,7562,778,89,355,1133,8340,444,8784,0.0933,0.2005,128.9845,21.7441,0.6867,54,191,9,65,29,3.537
gaussian_naive_bayes,poluentes_brutos_meteorologia,0.26,4,0.3041,0.7858,0.4378,7567,773,90,354,1127,8340,444,8784,0.0927,0.2027,128.3015,21.8579,0.6859,54,192,9,65,29,3.5556
gaussian_naive_bayes,poluentes_brutos_meteorologia,0.27,4,0.3048,0.7769,0.4371,7578,762,93,351,1113,8340,444,8784,0.0914,0.2095,126.7077,21.6302,0.6846,54,190,9,65,29,3.5185
gaussian_naive_bayes,poluentes_brutos_meteorologia,0.28,4,0.3068,0.7769,0.4392,7586,754,93,351,1105,8340,444,8784,0.0904,0.2095,125.7969,21.7441,0.6824,54,191,10,65,29,3.537
gaussian_naive_bayes,poluentes_brutos_meteorologia,0.29,4,0.3083,0.7724,0.44,7595,745,94,350,1095,8340,444,8784,0.0893,0.2117,124.6585,21.6302,0.6804,54,190,10,65,29,3.5185
gaussian_naive_bayes,poluentes_brutos_meteorologia,0.3,4,0.3118,0.7724,0.4436,7606,734,94,350,1084,8340,444,8784,0.088,0.2117,123.4062,21.5164,0.6771,54,189,10,65,29,3.5
gaussian_naive_bayes,poluentes_brutos_meteorologia,0.31,4,0.3159,0.7702,0.4473,7621,719,95,349,1068,8340,444,8784,0.0862,0.214,121.5847,21.2887,0.6732,54,187,10,65,28,3.463
gaussian_naive_bayes,poluentes_brutos_meteorologia,0.32,4,0.3177,0.7677,0.4487,7629,711,96,348,1059,8340,444,8784,0.0853,0.2162,120.5601,21.061,0.6714,54,185,10,65,28,3.4259
gaussian_naive_bayes,poluentes_brutos_meteorologia,0.33,4,0.3178,0.7585,0.4473,7637,703,100,344,1047,8340,444,8784,0.0843,0.2252,119.194,20.7195,0.6714,54,182,10,65,28,3.3704
gaussian_naive_bayes,poluentes_brutos_meteorologia,0.34,4,0.318,0.7571,0.4472,7639,701,101,343,1044,8340,444,8784,0.0841,0.2275,118.8525,20.7195,0.6715,54,182,10,65,28,3.3704
gaussian_naive_bayes,poluentes_brutos_meteorologia,0.35000000000000003,4,0.3194,0.7541,0.448,7646,694,103,341,1035,8340,444,8784,0.0832,0.232,117.8279,20.7195,0.6705,54,182,10,64,28,3.3704
gaussian_naive_bayes,poluentes_brutos_meteorologia,0.36,4,0.3192,0.7452,0.4464,7654,686,106,338,1024,8340,444,8784,0.0823,0.2387,116.5756,20.6056,0.6699,54,181,10,64,28,3.3519
gaussian_naive_bayes,poluentes_brutos_meteorologia,0.37,4,0.3216,0.7416,0.448,7664,676,108,336,1012,8340,444,8784,0.0811,0.2432,115.2095,20.378,0.668,54,179,9,64,28,3.3148
gaussian_naive_bayes,poluentes_brutos_meteorologia,0.38,4,0.3231,0.7377,0.4488,7671,669,110,334,1003,8340,444,8784,0.0802,0.2477,114.1849,20.378,0.667,54,179,9,64,28,3.3148
gaussian_naive_bayes,poluentes_brutos_meteorologia,0.39,4,0.3252,0.7353,0.4505,7680,660,111,333,993,8340,444,8784,0.0791,0.25,113.0464,20.1503,0.6647,54,177,9,64,28,3.2778
gaussian_naive_bayes,poluentes_brutos_meteorologia,0.4,4,0.3255,0.7307,0.4499,7684,656,112,332,988,8340,444,8784,0.0787,0.2523,112.4772,20.2641,0.664,54,178,10,64,28,3.2963
gaussian_naive_bayes,poluentes_brutos_meteorologia,0.41000000000000003,4,0.327,0.7271,0.4507,7692,648,114,330,978,8340,444,8784,0.0777,0.2568,111.3388,20.378,0.6626,54,179,10,64,28,3.3148
gaussian_naive_bayes,poluentes_brutos_meteorologia,0.42,4,0.3291,0.7271,0.4528,7698,642,114,330,972,8340,444,8784,0.077,0.2568,110.6557,20.378,0.6605,54,179,10,64,28,3.3148
gaussian_naive_bayes,poluentes_brutos_meteorologia,0.43,4,0.3295,0.7201,0.4518,7704,636,116,328,964,8340,444,8784,0.0763,0.2613,109.745,20.4918,0.6598,54,180,10,64,28,3.3333
gaussian_naive_bayes,poluentes_brutos_meteorologia,0.44,4,0.3311,0.7201,0.4533,7708,632,116,328,960,8340,444,8784,0.0758,0.2613,109.2896,20.4918,0.6583,54,180,10,64,28,3.3333
gaussian_naive_bayes,poluentes_brutos_meteorologia,0.45,4,0.3327,0.7201,0.4548,7711,629,116,328,957,8340,444,8784,0.0754,0.2613,108.9481,20.4918,0.6573,54,180,10,64,28,3.3333
gaussian_naive_bayes,poluentes_brutos_meteorologia,0.46,4,0.3307,0.7112,0.4512,7714,626,119,325,951,8340,444,8784,0.0751,0.268,108.265,20.4918,0.6583,54,180,11,64,28,3.3333
gaussian_naive_bayes,poluentes_brutos_meteorologia,0.47000000000000003,4,0.333,0.7087,0.453,7722,618,120,324,942,8340,444,8784,0.0741,0.2703,107.2404,20.2641,0.6561,54,178,11,64,28,3.2963
gaussian_naive_bayes,poluentes_brutos_meteorologia,0.48,4,0.3343,0.7087,0.4542,7726,614,120,324,938,8340,444,8784,0.0736,0.2703,106.7851,20.1503,0.6546,54,177,11,64,28,3.2778
gaussian_naive_bayes,poluentes_brutos_meteorologia,0.49,4,0.3357,0.7063,0.455,7732,608,121,323,931,8340,444,8784,0.0729,0.2725,105.9882,20.1503,0.6531,54,177,11,61,28,3.2778
gaussian_naive_bayes,poluentes_brutos_meteorologia,0.5,4,0.3361,0.7,0.454,7738,602,124,320,922,8340,444,8784,0.0722,0.2793,104.9636,19.9226,0.6529,54,175,10,61,28,3.2407
gaussian_naive_bayes,poluentes_brutos_meteorologia,0.51,4,0.3377,0.6971,0.4549,7744,596,126,318,914,8340,444,8784,0.0715,0.2838,104.0528,20.0364,0.6521,54,176,9,61,28,3.2593
gaussian_naive_bayes,poluentes_brutos_meteorologia,0.52,4,0.3391,0.6956,0.4558,7749,591,127,317,908,8340,444,8784,0.0709,0.286,103.3698,19.9226,0.6509,54,175,9,61,28,3.2407
gaussian_naive_bayes,poluentes_brutos_meteorologia,0.53,4,0.3398,0.6932,0.456,7753,587,128,316,903,8340,444,8784,0.0704,0.2883,102.8005,19.9226,0.6501,54,175,9,61,28,3.2407
gaussian_naive_bayes,poluentes_brutos_meteorologia,0.54,4,0.3402,0.6932,0.4564,7754,586,128,316,902,8340,444,8784,0.0703,0.2883,102.6867,19.8087,0.6497,54,174,9,61,28,3.2222
gaussian_naive_bayes,poluentes_brutos_meteorologia,0.55,4,0.3404,0.6841,0.4545,7762,578,130,314,892,8340,444,8784,0.0693,0.2928,101.5483,19.5811,0.648,54,172,9,60,28,3.1852
gaussian_naive_bayes,poluentes_brutos_meteorologia,0.56,4,0.3431,0.6817,0.4563,7769,571,131,313,884,8340,444,8784,0.0685,0.295,100.6375,19.4672,0.6459,54,171,9,60,26,3.1667
gaussian_naive_bayes,poluentes_brutos_meteorologia,0.5700000000000001,4,0.3427,0.6772,0.455,7773,567,132,312,879,8340,444,8784,0.068,0.2973,100.0683,19.5811,0.6451,54,172,9,59,26,3.1852
gaussian_naive_bayes,poluentes_brutos_meteorologia,0.58,4,0.3444,0.6735,0.4556,7780,560,134,310,870,8340,444,8784,0.0671,0.3018,99.0437,19.5811,0.6437,54,172,9,59,27,3.1852
gaussian_naive_bayes,poluentes_brutos_meteorologia,0.59,4,0.344,0.6689,0.4542,7783,557,136,308,865,8340,444,8784,0.0668,0.3063,98.4745,19.5811,0.6439,54,172,9,59,27,3.1852
gaussian_naive_bayes,poluentes_brutos_meteorologia,0.6,4,0.3459,0.6689,0.4559,7788,552,136,308,860,8340,444,8784,0.0662,0.3063,97.9053,19.3534,0.6419,54,170,9,59,27,3.1481
gaussian_naive_bayes,poluentes_brutos_meteorologia,0.61,4,0.3468,0.6674,0.4564,7792,548,137,307,855,8340,444,8784,0.0657,0.3086,97.3361,19.2395,0.6409,54,169,9,59,27,3.1296
gaussian_naive_bayes,poluentes_brutos_meteorologia,0.62,4,0.349,0.6674,0.4582,7797,543,137,307,850,8340,444,8784,0.0651,0.3086,96.7668,19.2395,0.6388,54,169,9,59,27,3.1296
gaussian_naive_bayes,poluentes_brutos_meteorologia,0.63,4,0.348,0.66,0.4556,7801,539,140,304,843,8340,444,8784,0.0646,0.3153,95.9699,19.1257,0.6394,54,168,9,59,26,3.1111
gaussian_naive_bayes,poluentes_brutos_meteorologia,0.64,4,0.3498,0.6585,0.4568,7806,534,141,303,837,8340,444,8784,0.064,0.3176,95.2869,19.0118,0.638,54,167,9,58,26,3.0926
gaussian_naive_bayes,poluentes_brutos_meteorologia,0.65,4,0.3505,0.6539,0.4563,7811,529,143,301,830,8340,444,8784,0.0634,0.3221,94.49,19.0118,0.6373,54,167,9,58,26,3.0926
gaussian_naive_bayes,poluentes_brutos_meteorologia,0.66,4,0.3493,0.6473,0.4537,7814,526,146,298,824,8340,444,8784,0.0631,0.3288,93.8069,18.898,0.6383,54,166,9,58,26,3.0741
gaussian_naive_bayes,poluentes_brutos_meteorologia,0.67,4,0.351,0.6473,0.4551,7818,522,146,298,820,8340,444,8784,0.0626,0.3288,93.3515,18.898,0.6366,54,166,9,58,26,3.0741
gaussian_naive_bayes,poluentes_brutos_meteorologia,0.68,4,0.3506,0.6434,0.4538,7820,520,148,296,816,8340,444,8784,0.0624,0.3333,92.8962,18.898,0.6373,54,166,9,58,26,3.0741
gaussian_naive_bayes,poluentes_brutos_meteorologia,0.6900000000000001,4,0.3527,0.641,0.4549,7826,514,149,295,809,8340,444,8784,0.0616,0.3356,92.0993,18.7842,0.6354,54,165,9,58,25,3.0556
gaussian_naive_bayes,poluentes_brutos_meteorologia,0.7000000000000001,4,0.3533,0.634,0.4536,7833,507,152,292,799,8340,444,8784,0.0608,0.3423,90.9608,18.5565,0.6345,54,163,9,58,25,3.0185
gaussian_naive_bayes,poluentes_brutos_meteorologia,0.71,4,0.3539,0.6301,0.4531,7837,503,154,290,793,8340,444,8784,0.0603,0.3468,90.2778,18.3288,0.6343,54,161,9,58,24,2.9815
gaussian_naive_bayes,poluentes_brutos_meteorologia,0.72,4,0.3582,0.6272,0.4559,7849,491,156,288,779,8340,444,8784,0.0589,0.3514,88.684,18.3288,0.6303,54,161,9,58,24,2.9815
gaussian_naive_bayes,poluentes_brutos_meteorologia,0.73,4,0.3586,0.6202,0.4543,7855,485,158,286,771,8340,444,8784,0.0582,0.3559,87.7732,18.3288,0.6291,54,161,9,58,24,2.9815
gaussian_naive_bayes,poluentes_brutos_meteorologia,0.74,4,0.3567,0.6135,0.451,7857,483,160,284,767,8340,444,8784,0.0579,0.3604,87.3179,18.1011,0.6297,54,159,9,58,24,2.9444
gaussian_naive_bayes,poluentes_brutos_meteorologia,0.75,4,0.3602,0.611,0.4531,7866,474,161,283,757,8340,444,8784,0.0568,0.3626,86.1794,17.8734,0.6262,54,157,9,58,23,2.9074
gaussian_naive_bayes,poluentes_brutos_meteorologia,0.76,4,0.3578,0.6021,0.4486,7868,472,164,280,752,8340,444,8784,0.0566,0.3694,85.6102,17.9872,0.6277,54,158,9,58,23,2.9259
gaussian_naive_bayes,poluentes_brutos_meteorologia,0.77,4,0.3606,0.5997,0.4502,7876,464,165,279,743,8340,444,8784,0.0556,0.3716,84.5856,17.9872,0.6245,54,158,9,58,23,2.9259
gaussian_naive_bayes,poluentes_brutos_meteorologia,0.78,4,0.3629,0.5958,0.4508,7882,458,167,277,735,8340,444,8784,0.0549,0.3761,83.6749,17.9872,0.6231,54,158,9,58,23,2.9259
gaussian_naive_bayes,poluentes_brutos_meteorologia,0.79,4,0.3648,0.5934,0.4515,7887,453,168,276,729,8340,444,8784,0.0543,0.3784,82.9918,17.9872,0.6214,54,158,9,57,23,2.9259
gaussian_naive_bayes,poluentes_brutos_meteorologia,0.8,4,0.3685,0.5895,0.4532,7894,446,170,274,720,8340,444,8784,0.0535,0.3829,81.9672,17.8734,0.6194,54,157,9,57,23,2.9074
gaussian_naive_bayes,poluentes_brutos_meteorologia,0.81,4,0.3705,0.5846,0.4532,7901,439,172,272,711,8340,444,8784,0.0526,0.3874,80.9426,17.5319,0.6174,54,154,8,56,22,2.8519
gaussian_naive_bayes,poluentes_brutos_meteorologia,0.8200000000000001,4,0.3739,0.581,0.4545,7909,431,174,270,701,8340,444,8784,0.0517,0.3919,79.8042,17.418,0.6148,54,153,8,56,22,2.8333
gaussian_naive_bayes,poluentes_brutos_meteorologia,0.8300000000000001,4,0.3772,0.5728,0.4544,7922,418,177,267,685,8340,444,8784,0.0501,0.3986,77.9827,17.0765,0.6102,54,150,8,55,20,2.7778
gaussian_naive_bayes,poluentes_brutos_meteorologia,0.84,4,0.3789,0.5658,0.4534,7931,409,179,265,674,8340,444,8784,0.049,0.4032,76.7304,16.8488,0.6068,54,148,7,55,19,2.7407
gaussian_naive_bayes,poluentes_brutos_meteorologia,0.85,4,0.3818,0.5595,0.4533,7939,401,182,262,663,8340,444,8784,0.0481,0.4099,75.4781,16.735,0.6048,54,147,7,53,18,2.7222
gaussian_naive_bayes,poluentes_brutos_meteorologia,0.86,4,0.3891,0.5571,0.4573,7949,391,183,261,652,8340,444,8784,0.0469,0.4122,74.2259,16.5073,0.5997,54,145,7,53,18,2.6852
gaussian_naive_bayes,poluentes_brutos_meteorologia,0.87,4,0.3937,0.5547,0.4595,7957,383,184,260,643,8340,444,8784,0.0459,0.4144,73.2013,16.2796,0.5956,54,143,7,52,18,2.6481
gaussian_naive_bayes,poluentes_brutos_meteorologia,0.88,4,0.3941,0.5408,0.4547,7965,375,191,253,628,8340,444,8784,0.045,0.4302,71.4936,16.1658,0.5971,54,142,7,51,17,2.6296
gaussian_naive_bayes,poluentes_brutos_meteorologia,0.89,4,0.3995,0.5393,0.4579,7975,365,192,252,617,8340,444,8784,0.0438,0.4324,70.2413,16.3934,0.5916,54,144,7,48,18,2.6667
gaussian_naive_bayes,poluentes_brutos_meteorologia,0.9,4,0.4031,0.5318,0.4571,7982,358,196,248,606,8340,444,8784,0.0429,0.4414,68.9891,16.0519,0.5908,54,141,7,48,17,2.6111
gaussian_naive_bayes,poluentes_brutos_meteorologia,0.91,4,0.4025,0.5094,0.4473,7992,348,205,239,587,8340,444,8784,0.0417,0.4617,66.826,15.7104,0.5928,54,138,6,48,16,2.5556
gaussian_naive_bayes,poluentes_brutos_meteorologia,0.92,4,0.4094,0.5035,0.4482,7999,341,208,236,577,8340,444,8784,0.0409,0.4685,65.6876,15.7104,0.591,54,138,6,47,16,2.5556
gaussian_naive_bayes,poluentes_brutos_meteorologia,0.93,4,0.4145,0.4928,0.447,8014,326,213,231,557,8340,444,8784,0.0391,0.4797,63.4107,15.7104,0.5853,54,138,7,46,16,2.5556
gaussian_naive_bayes,poluentes_brutos_meteorologia,0.9400000000000001,4,0.4203,0.4892,0.4484,8022,318,215,229,547,8340,444,8784,0.0381,0.4842,62.2723,15.4827,0.5814,54,136,7,46,16,2.5185
gaussian_naive_bayes,poluentes_brutos_meteorologia,0.9500000000000001,4,0.425,0.4715,0.4437,8043,297,222,222,519,8340,444,8784,0.0356,0.5,59.0847,15.255,0.5723,54,134,7,43,16,2.4815
gaussian_naive_bayes,poluentes_brutos_meteorologia,0.96,4,0.44,0.4623,0.4466,8059,281,227,217,498,8340,444,8784,0.0337,0.5113,56.694,14.5719,0.5643,54,128,6,39,15,2.3704
gaussian_naive_bayes,poluentes_brutos_meteorologia,0.97,4,0.4567,0.435,0.4403,8088,252,239,205,457,8340,444,8784,0.0302,0.5383,52.0264,13.6612,0.5514,54,120,6,36,14,2.2222
gaussian_naive_bayes,poluentes_brutos_meteorologia,0.98,4,0.4802,0.4095,0.4348,8113,227,251,193,420,8340,444,8784,0.0272,0.5653,47.8142,12.8643,0.5405,54,113,6,34,12,2.0926
gaussian_naive_bayes,poluentes_brutos_meteorologia,0.99,4,0.5035,0.3624,0.4127,8156,184,270,174,358,8340,444,8784,0.0221,0.6081,40.7559,11.4982,0.514,54,101,6,31,10,1.8704
gaussian_naive_bayes,poluentes_brutos_meteorologia,1.0,4,0.025,0.0022,0.004,8328,12,443,1,13,8340,444,8784,0.0014,0.9977,1.48,1.48,0.9231,54,13,2,2,0,0.2407
gaussian_naive_bayes,poluentes_subindices_meteorologia,0.0,4,0.0505,1.0,0.0955,0,8340,0,444,8784,8340,444,8784,1.0,0.0,1000.0,0.1138,0.9495,54,1,1,168,0,0.0185
gaussian_naive_bayes,poluentes_subindices_meteorologia,0.01,4,0.334,0.9985,0.5005,7449,891,1,443,1334,8340,444,8784,0.1068,0.0023,151.867,18.4426,0.6679,54,162,7,90,25,3.0
gaussian_naive_bayes,poluentes_subindices_meteorologia,0.02,4,0.3484,0.9985,0.5164,7501,839,1,443,1282,8340,444,8784,0.1006,0.0023,145.9472,17.8734,0.6544,54,157,7,87,24,2.9074
gaussian_naive_bayes,poluentes_subindices_meteorologia,0.03,4,0.359,0.9985,0.5279,7539,801,1,443,1244,8340,444,8784,0.096,0.0023,141.6211,17.6457,0.6439,54,155,7,86,23,2.8704
gaussian_naive_bayes,poluentes_subindices_meteorologia,0.04,4,0.3672,0.9985,0.5368,7562,778,1,443,1221,8340,444,8784,0.0933,0.0023,139.0027,17.418,0.6372,54,153,7,86,22,2.8333
gaussian_naive_bayes,poluentes_subindices_meteorologia,0.05,4,0.3717,0.9985,0.5416,7576,764,1,443,1207,8340,444,8784,0.0916,0.0023,137.4089,17.418,0.633,54,153,7,84,22,2.8333
gaussian_naive_bayes,poluentes_subindices_meteorologia,0.06,4,0.3766,0.9985,0.5467,7590,750,1,443,1193,8340,444,8784,0.0899,0.0023,135.8151,17.418,0.6287,54,153,7,84,22,2.8333
gaussian_naive_bayes,poluentes_subindices_meteorologia,0.07,4,0.3812,0.9985,0.5514,7602,738,1,443,1181,8340,444,8784,0.0885,0.0023,134.449,17.5319,0.6249,54,154,7,83,22,2.8519
gaussian_naive_bayes,poluentes_subindices_meteorologia,0.08,4,0.384,0.9985,0.5544,7610,730,1,443,1173,8340,444,8784,0.0875,0.0023,133.5383,17.5319,0.6223,54,154,7,83,22,2.8519
gaussian_naive_bayes,poluentes_subindices_meteorologia,0.09,4,0.3901,0.9985,0.5606,7624,716,1,443,1159,8340,444,8784,0.0859,0.0023,131.9444,17.418,0.6178,54,153,7,83,22,2.8333
gaussian_naive_bayes,poluentes_subindices_meteorologia,0.1,4,0.3934,0.9985,0.564,7632,708,1,443,1151,8340,444,8784,0.0849,0.0023,131.0337,17.3042,0.6151,54,152,7,83,22,2.8148
gaussian_naive_bayes,poluentes_subindices_meteorologia,0.11,4,0.3979,0.9985,0.5687,7646,694,1,443,1137,8340,444,8784,0.0832,0.0023,129.4399,17.1903,0.6104,54,151,7,81,22,2.7963
gaussian_naive_bayes,poluentes_subindices_meteorologia,0.12,4,0.3985,0.9985,0.5693,7648,692,1,443,1135,8340,444,8784,0.083,0.0023,129.2122,17.1903,0.6097,54,151,7,81,22,2.7963
gaussian_naive_bayes,poluentes_subindices_meteorologia,0.13,4,0.4005,0.9985,0.5713,7651,689,1,443,1132,8340,444,8784,0.0826,0.0023,128.8707,17.0765,0.6087,54,150,7,81,22,2.7778
gaussian_naive_bayes,poluentes_subindices_meteorologia,0.14,4,0.4009,0.9985,0.5717,7652,688,1,443,1131,8340,444,8784,0.0825,0.0023,128.7568,17.0765,0.6083,54,150,7,81,22,2.7778
gaussian_naive_bayes,poluentes_subindices_meteorologia,0.15,4,0.4027,0.9985,0.5735,7657,683,1,443,1126,8340,444,8784,0.0819,0.0023,128.1876,17.0765,0.6066,54,150,7,81,22,2.7778
gaussian_naive_bayes,poluentes_subindices_meteorologia,0.16,4,0.4043,0.9985,0.5751,7661,679,1,443,1122,8340,444,8784,0.0814,0.0023,127.7322,17.0765,0.6052,54,150,7,79,22,2.7778
gaussian_naive_bayes,poluentes_subindices_meteorologia,0.17,4,0.4045,0.9985,0.5753,7662,678,1,443,1121,8340,444,8784,0.0813,0.0023,127.6184,17.0765,0.6048,54,150,7,79,22,2.7778
gaussian_naive_bayes,poluentes_subindices_meteorologia,0.18,4,0.4079,0.9985,0.5787,7670,670,1,443,1113,8340,444,8784,0.0803,0.0023,126.7077,16.9627,0.602,54,149,7,79,22,2.7593
gaussian_naive_bayes,poluentes_subindices_meteorologia,0.19,4,0.4089,0.9985,0.5797,7673,667,1,443,1110,8340,444,8784,0.08,0.0023,126.3661,16.9627,0.6009,54,149,7,79,22,2.7593
gaussian_naive_bayes,poluentes_subindices_meteorologia,0.2,4,0.4101,0.9985,0.5809,7677,663,1,443,1106,8340,444,8784,0.0795,0.0023,125.9107,16.9627,0.5995,54,149,7,79,22,2.7593
gaussian_naive_bayes,poluentes_subindices_meteorologia,0.21,4,0.4115,0.9985,0.5824,7681,659,1,443,1102,8340,444,8784,0.079,0.0023,125.4554,16.8488,0.598,54,148,7,78,22,2.7407
gaussian_naive_bayes,poluentes_subindices_meteorologia,0.22,4,0.4119,0.9985,0.5828,7683,657,1,443,1100,8340,444,8784,0.0788,0.0023,125.2277,16.8488,0.5973,54,148,7,78,22,2.7407
gaussian_naive_bayes,poluentes_subindices_meteorologia,0.23,4,0.4125,0.9985,0.5834,7685,655,1,443,1098,8340,444,8784,0.0785,0.0023,125.0,16.8488,0.5965,54,148,7,77,22,2.7407
gaussian_naive_bayes,poluentes_subindices_meteorologia,0.24,4,0.4125,0.9985,0.5834,7685,655,1,443,1098,8340,444,8784,0.0785,0.0023,125.0,16.8488,0.5965,54,148,7,77,22,2.7407
gaussian_naive_bayes,poluentes_subindices_meteorologia,0.25,4,0.4125,0.9985,0.5834,7685,655,1,443,1098,8340,444,8784,0.0785,0.0023,125.0,16.8488,0.5965,54,148,7,77,22,2.7407
gaussian_naive_bayes,poluentes_subindices_meteorologia,0.26,4,0.4125,0.9985,0.5834,7685,655,1,443,1098,8340,444,8784,0.0785,0.0023,125.0,16.8488,0.5965,54,148,7,77,22,2.7407
gaussian_naive_bayes,poluentes_subindices_meteorologia,0.27,4,0.4125,0.9985,0.5834,7685,655,1,443,1098,8340,444,8784,0.0785,0.0023,125.0,16.8488,0.5965,54,148,7,77,22,2.7407
gaussian_naive_bayes,poluentes_subindices_meteorologia,0.28,4,0.414,0.9985,0.5849,7691,649,1,443,1092,8340,444,8784,0.0778,0.0023,124.3169,16.735,0.5943,54,147,7,77,22,2.7222
gaussian_naive_bayes,poluentes_subindices_meteorologia,0.29,4,0.4144,0.9985,0.5853,7693,647,1,443,1090,8340,444,8784,0.0776,0.0023,124.0893,16.6211,0.5936,54,146,7,77,21,2.7037
gaussian_naive_bayes,poluentes_subindices_meteorologia,0.3,4,0.4146,0.9985,0.5856,7694,646,1,443,1089,8340,444,8784,0.0775,0.0023,123.9754,16.6211,0.5932,54,146,7,77,21,2.7037
gaussian_naive_bayes,poluentes_subindices_meteorologia,0.31,4,0.4146,0.9985,0.5856,7694,646,1,443,1089,8340,444,8784,0.0775,0.0023,123.9754,16.6211,0.5932,54,146,7,77,21,2.7037
gaussian_naive_bayes,poluentes_subindices_meteorologia,0.32,4,0.4156,0.9985,0.5866,7697,643,1,443,1086,8340,444,8784,0.0771,0.0023,123.6339,16.6211,0.5921,54,146,7,77,21,2.7037
gaussian_naive_bayes,poluentes_subindices_meteorologia,0.33,4,0.4165,0.9985,0.5874,7699,641,1,443,1084,8340,444,8784,0.0769,0.0023,123.4062,16.6211,0.5913,54,146,7,77,21,2.7037
gaussian_naive_bayes,poluentes_subindices_meteorologia,0.34,4,0.4173,0.9985,0.5883,7700,640,1,443,1083,8340,444,8784,0.0767,0.0023,123.2923,16.6211,0.591,54,146,7,77,21,2.7037
gaussian_naive_bayes,poluentes_subindices_meteorologia,0.35000000000000003,4,0.4209,0.9985,0.5918,7708,632,1,443,1075,8340,444,8784,0.0758,0.0023,122.3816,16.735,0.5879,54,147,7,77,21,2.7222
gaussian_naive_bayes,poluentes_subindices_meteorologia,0.36,4,0.4229,0.9985,0.5937,7712,628,1,443,1071,8340,444,8784,0.0753,0.0023,121.9262,16.735,0.5864,54,147,7,76,21,2.7222
gaussian_naive_bayes,poluentes_subindices_meteorologia,0.37,4,0.4251,0.9985,0.5959,7717,623,1,443,1066,8340,444,8784,0.0747,0.0023,121.357,16.6211,0.5844,54,146,7,76,20,2.7037
gaussian_naive_bayes,poluentes_subindices_meteorologia,0.38,4,0.4251,0.9985,0.5959,7717,623,1,443,1066,8340,444,8784,0.0747,0.0023,121.357,16.6211,0.5844,54,146,7,76,20,2.7037
gaussian_naive_bayes,poluentes_subindices_meteorologia,0.39,4,0.4261,0.9985,0.5969,7720,620,1,443,1063,8340,444,8784,0.0743,0.0023,121.0155,16.5073,0.5833,54,145,6,76,20,2.6852
gaussian_naive_bayes,poluentes_subindices_meteorologia,0.4,4,0.4275,0.9985,0.5982,7722,618,1,443,1061,8340,444,8784,0.0741,0.0023,120.7878,16.3934,0.5825,54,144,6,76,20,2.6667
gaussian_naive_bayes,poluentes_subindices_meteorologia,0.41000000000000003,4,0.4277,0.9985,0.5985,7723,617,1,443,1060,8340,444,8784,0.074,0.0023,120.674,16.3934,0.5821,54,144,6,76,20,2.6667
gaussian_naive_bayes,poluentes_subindices_meteorologia,0.42,4,0.4277,0.9985,0.5985,7723,617,1,443,1060,8340,444,8784,0.074,0.0023,120.674,16.3934,0.5821,54,144,6,76,20,2.6667
gaussian_naive_bayes,poluentes_subindices_meteorologia,0.43,4,0.4293,0.9985,0.6,7727,613,1,443,1056,8340,444,8784,0.0735,0.0023,120.2186,16.3934,0.5805,54,144,6,76,20,2.6667
gaussian_naive_bayes,poluentes_subindices_meteorologia,0.44,4,0.4322,0.9985,0.6027,7731,609,1,443,1052,8340,444,8784,0.073,0.0023,119.7632,16.3934,0.5789,54,144,6,76,20,2.6667
gaussian_naive_bayes,poluentes_subindices_meteorologia,0.45,4,0.4336,0.9985,0.6041,7733,607,1,443,1050,8340,444,8784,0.0728,0.0023,119.5355,16.2796,0.5781,54,143,6,76,20,2.6481
gaussian_naive_bayes,poluentes_subindices_meteorologia,0.46,4,0.4339,0.9985,0.6043,7734,606,1,443,1049,8340,444,8784,0.0727,0.0023,119.4217,16.2796,0.5777,54,143,6,76,20,2.6481
gaussian_naive_bayes,poluentes_subindices_meteorologia,0.47000000000000003,4,0.4347,0.9985,0.6051,7736,604,1,443,1047,8340,444,8784,0.0724,0.0023,119.194,16.2796,0.5769,54,143,6,76,20,2.6481
gaussian_naive_bayes,poluentes_subindices_meteorologia,0.48,4,0.4358,0.9985,0.6062,7739,601,1,443,1044,8340,444,8784,0.0721,0.0023,118.8525,16.2796,0.5757,54,143,6,76,20,2.6481
gaussian_naive_bayes,poluentes_subindices_meteorologia,0.49,4,0.4374,0.9985,0.6077,7743,597,1,443,1040,8340,444,8784,0.0716,0.0023,118.3971,16.1658,0.574,54,142,6,75,20,2.6296
gaussian_naive_bayes,poluentes_subindices_meteorologia,0.5,4,0.4381,0.9985,0.6084,7745,595,1,443,1038,8340,444,8784,0.0713,0.0023,118.1694,16.1658,0.5732,54,142,6,75,20,2.6296
gaussian_naive_bayes,poluentes_subindices_meteorologia,0.51,4,0.439,0.9985,0.6093,7748,592,1,443,1035,8340,444,8784,0.071,0.0023,117.8279,16.1658,0.572,54,142,6,75,20,2.6296
gaussian_naive_bayes,poluentes_subindices_meteorologia,0.52,4,0.4393,0.9985,0.6096,7749,591,1,443,1034,8340,444,8784,0.0709,0.0023,117.714,16.1658,0.5716,54,142,6,75,20,2.6296
gaussian_naive_bayes,poluentes_subindices_meteorologia,0.53,4,0.442,0.9985,0.6121,7753,587,1,443,1030,8340,444,8784,0.0704,0.0023,117.2587,16.1658,0.5699,54,142,6,75,20,2.6296
gaussian_naive_bayes,poluentes_subindices_meteorologia,0.54,4,0.4424,0.9985,0.6126,7755,585,1,443,1028,8340,444,8784,0.0701,0.0023,117.031,16.1658,0.5691,54,142,6,75,20,2.6296
gaussian_naive_bayes,poluentes_subindices_meteorologia,0.55,4,0.4429,0.9985,0.6131,7757,583,1,443,1026,8340,444,8784,0.0699,0.0023,116.8033,16.1658,0.5682,54,142,6,75,20,2.6296
gaussian_naive_bayes,poluentes_subindices_meteorologia,0.56,4,0.444,0.9985,0.614,7758,582,1,443,1025,8340,444,8784,0.0698,0.0023,116.6894,16.1658,0.5678,54,142,6,75,20,2.6296
gaussian_naive_bayes,poluentes_subindices_meteorologia,0.5700000000000001,4,0.4464,0.9985,0.6162,7761,579,1,443,1022,8340,444,8784,0.0694,0.0023,116.3479,16.0519,0.5665,54,141,6,74,20,2.6111
gaussian_naive_bayes,poluentes_subindices_meteorologia,0.58,4,0.4468,0.9985,0.6167,7762,578,1,443,1021,8340,444,8784,0.0693,0.0023,116.2341,16.0519,0.5661,54,141,6,74,20,2.6111
gaussian_naive_bayes,poluentes_subindices_meteorologia,0.59,4,0.4484,0.9985,0.6182,7766,574,1,443,1017,8340,444,8784,0.0688,0.0023,115.7787,16.0519,0.5644,54,141,6,74,20,2.6111
gaussian_naive_bayes,poluentes_subindices_meteorologia,0.6,4,0.4493,0.9985,0.6191,7769,571,1,443,1014,8340,444,8784,0.0685,0.0023,115.4372,16.0519,0.5631,54,141,6,74,20,2.6111
gaussian_naive_bayes,poluentes_subindices_meteorologia,0.61,4,0.4493,0.9985,0.6191,7769,571,1,443,1014,8340,444,8784,0.0685,0.0023,115.4372,16.0519,0.5631,54,141,6,74,20,2.6111
gaussian_naive_bayes,poluentes_subindices_meteorologia,0.62,4,0.4507,0.9985,0.6205,7772,568,1,443,1011,8340,444,8784,0.0681,0.0023,115.0956,16.0519,0.5618,54,141,6,74,20,2.6111
gaussian_naive_bayes,poluentes_subindices_meteorologia,0.63,4,0.4531,0.9985,0.6228,7778,562,1,443,1005,8340,444,8784,0.0674,0.0023,114.4126,15.9381,0.5592,54,140,6,74,20,2.5926
gaussian_naive_bayes,poluentes_subindices_meteorologia,0.64,4,0.4554,0.9985,0.6249,7782,558,1,443,1001,8340,444,8784,0.0669,0.0023,113.9572,15.9381,0.5574,54,140,6,74,20,2.5926
gaussian_naive_bayes,poluentes_subindices_meteorologia,0.65,4,0.4559,0.9985,0.6254,7783,557,1,443,1000,8340,444,8784,0.0668,0.0023,113.8434,15.9381,0.557,54,140,6,74,20,2.5926
gaussian_naive_bayes,poluentes_subindices_meteorologia,0.66,4,0.457,0.9985,0.6264,7784,556,1,443,999,8340,444,8784,0.0667,0.0023,113.7295,15.9381,0.5566,54,140,6,74,20,2.5926
gaussian_naive_bayes,poluentes_subindices_meteorologia,0.67,4,0.458,0.9985,0.6274,7787,553,1,443,996,8340,444,8784,0.0663,0.0023,113.388,15.8242,0.5552,54,139,6,74,20,2.5741
gaussian_naive_bayes,poluentes_subindices_meteorologia,0.68,4,0.4585,0.9985,0.6278,7788,552,1,443,995,8340,444,8784,0.0662,0.0023,113.2741,15.8242,0.5548,54,139,6,74,20,2.5741
gaussian_naive_bayes,poluentes_subindices_meteorologia,0.6900000000000001,4,0.4604,0.9985,0.6296,7791,549,1,443,992,8340,444,8784,0.0658,0.0023,112.9326,15.8242,0.5534,54,139,6,74,20,2.5741
gaussian_naive_bayes,poluentes_subindices_meteorologia,0.7000000000000001,4,0.4614,0.9985,0.6305,7793,547,1,443,990,8340,444,8784,0.0656,0.0023,112.7049,15.8242,0.5525,54,139,6,74,20,2.5741
gaussian_naive_bayes,poluentes_subindices_meteorologia,0.71,4,0.4645,0.9985,0.6333,7797,543,1,443,986,8340,444,8784,0.0651,0.0023,112.2495,15.8242,0.5507,54,139,6,74,20,2.5741
gaussian_naive_bayes,poluentes_subindices_meteorologia,0.72,4,0.4655,0.9985,0.6342,7799,541,1,443,984,8340,444,8784,0.0649,0.0023,112.0219,15.8242,0.5498,54,139,6,74,20,2.5741
gaussian_naive_bayes,poluentes_subindices_meteorologia,0.73,4,0.4667,0.9985,0.6354,7802,538,1,443,981,8340,444,8784,0.0645,0.0023,111.6803,15.8242,0.5484,54,139,6,74,20,2.5741
gaussian_naive_bayes,poluentes_subindices_meteorologia,0.74,4,0.4675,0.9985,0.6361,7804,536,1,443,979,8340,444,8784,0.0643,0.0023,111.4526,15.7104,0.5475,54,138,6,73,20,2.5556
gaussian_naive_bayes,poluentes_subindices_meteorologia,0.75,4,0.4682,0.9985,0.6368,7806,534,1,443,977,8340,444,8784,0.064,0.0023,111.225,15.7104,0.5466,54,138,6,73,20,2.5556
gaussian_naive_bayes,poluentes_subindices_meteorologia,0.76,4,0.4707,0.9985,0.6391,7810,530,1,443,973,8340,444,8784,0.0635,0.0023,110.7696,15.7104,0.5447,54,138,6,72,20,2.5556
gaussian_naive_bayes,poluentes_subindices_meteorologia,0.77,4,0.4731,0.9985,0.6412,7815,525,1,443,968,8340,444,8784,0.0629,0.0023,110.2004,15.5965,0.5424,54,137,6,72,20,2.537
gaussian_naive_bayes,poluentes_subindices_meteorologia,0.78,4,0.4733,0.9985,0.6415,7816,524,1,443,967,8340,444,8784,0.0628,0.0023,110.0865,15.5965,0.5419,54,137,6,72,20,2.537
gaussian_naive_bayes,poluentes_subindices_meteorologia,0.79,4,0.4736,0.9985,0.6418,7817,523,1,443,966,8340,444,8784,0.0627,0.0023,109.9727,15.5965,0.5414,54,137,6,72,20,2.537
gaussian_naive_bayes,poluentes_subindices_meteorologia,0.8,4,0.4755,0.9985,0.6435,7821,519,1,443,962,8340,444,8784,0.0622,0.0023,109.5173,15.5965,0.5395,54,137,6,72,20,2.537
gaussian_naive_bayes,poluentes_subindices_meteorologia,0.81,4,0.4768,0.9985,0.6447,7824,516,1,443,959,8340,444,8784,0.0619,0.0023,109.1758,15.3689,0.5381,54,135,6,72,19,2.5
gaussian_naive_bayes,poluentes_subindices_meteorologia,0.8200000000000001,4,0.4781,0.9985,0.646,7828,512,1,443,955,8340,444,8784,0.0614,0.0023,108.7204,15.255,0.5361,54,134,6,72,19,2.4815
gaussian_naive_bayes,poluentes_subindices_meteorologia,0.8300000000000001,4,0.4786,0.9985,0.6465,7829,511,1,443,954,8340,444,8784,0.0613,0.0023,108.6066,15.255,0.5356,54,134,6,72,19,2.4815
gaussian_naive_bayes,poluentes_subindices_meteorologia,0.84,4,0.4829,0.9985,0.6503,7837,503,1,443,946,8340,444,8784,0.0603,0.0023,107.6958,15.0273,0.5317,54,132,6,72,18,2.4444
gaussian_naive_bayes,poluentes_subindices_meteorologia,0.85,4,0.4845,0.9985,0.6518,7841,499,1,443,942,8340,444,8784,0.0598,0.0023,107.2404,15.0273,0.5297,54,132,6,72,18,2.4444
gaussian_naive_bayes,poluentes_subindices_meteorologia,0.86,4,0.4874,0.9985,0.6544,7847,493,1,443,936,8340,444,8784,0.0591,0.0023,106.5574,14.9135,0.5267,54,131,6,72,18,2.4259
gaussian_naive_bayes,poluentes_subindices_meteorologia,0.87,4,0.4897,0.9985,0.6565,7850,490,1,443,933,8340,444,8784,0.0588,0.0023,106.2158,15.0273,0.5252,54,132,6,72,18,2.4444
gaussian_naive_bayes,poluentes_subindices_meteorologia,0.88,4,0.4909,0.9985,0.6575,7852,488,1,443,931,8340,444,8784,0.0585,0.0023,105.9882,14.9135,0.5242,54,131,6,72,17,2.4259
gaussian_naive_bayes,poluentes_subindices_meteorologia,0.89,4,0.4944,0.9985,0.6607,7859,481,1,443,924,8340,444,8784,0.0577,0.0023,105.1913,14.7996,0.5206,54,130,6,72,17,2.4074
gaussian_naive_bayes,poluentes_subindices_meteorologia,0.9,4,0.5004,0.9985,0.666,7869,471,1,443,914,8340,444,8784,0.0565,0.0023,104.0528,14.7996,0.5153,54,130,6,72,17,2.4074
gaussian_naive_bayes,poluentes_subindices_meteorologia,0.91,4,0.5019,0.9985,0.6673,7872,468,1,443,911,8340,444,8784,0.0561,0.0023,103.7113,14.7996,0.5137,54,130,6,72,17,2.4074
gaussian_naive_bayes,poluentes_subindices_meteorologia,0.92,4,0.5075,0.9985,0.6722,7881,459,1,443,902,8340,444,8784,0.055,0.0023,102.6867,14.7996,0.5089,54,130,6,71,17,2.4074
gaussian_naive_bayes,poluentes_subindices_meteorologia,0.93,4,0.5097,0.9985,0.6741,7886,454,1,443,897,8340,444,8784,0.0544,0.0023,102.1175,14.6858,0.5061,54,129,6,71,17,2.3889
gaussian_naive_bayes,poluentes_subindices_meteorologia,0.9400000000000001,4,0.515,0.9985,0.6789,7897,443,1,443,886,8340,444,8784,0.0531,0.0023,100.8652,14.5719,0.5,54,128,6,70,17,2.3704
gaussian_naive_bayes,poluentes_subindices_meteorologia,0.9500000000000001,4,0.52,0.9985,0.6831,7904,436,1,443,879,8340,444,8784,0.0523,0.0023,100.0683,14.4581,0.496,54,127,6,70,17,2.3519
gaussian_naive_bayes,poluentes_subindices_meteorologia,0.96,4,0.5252,0.9985,0.6877,7914,426,1,443,869,8340,444,8784,0.0511,0.0023,98.9299,14.5719,0.4902,54,128,6,69,17,2.3704
gaussian_naive_bayes,poluentes_subindices_meteorologia,0.97,4,0.537,0.9985,0.6976,7931,409,1,443,852,8340,444,8784,0.049,0.0023,96.9945,14.2304,0.48,54,125,6,68,15,2.3148
gaussian_naive_bayes,poluentes_subindices_meteorologia,0.98,4,0.5472,0.9985,0.7062,7949,391,1,443,834,8340,444,8784,0.0469,0.0023,94.9454,14.0027,0.4688,54,123,6,66,15,2.2778
gaussian_naive_bayes,poluentes_subindices_meteorologia,0.99,4,0.5705,0.9985,0.7252,7980,360,1,443,803,8340,444,8784,0.0432,0.0023,91.4162,13.8889,0.4483,54,122,6,65,14,2.2593
gaussian_naive_bayes,poluentes_subindices_meteorologia,1.0,4,0.9069,0.3854,0.5359,8324,16,259,185,201,8340,444,8784,0.0019,0.5833,22.8825,5.2368,0.0796,54,46,4,23,1,0.8519
gaussian_naive_bayes,poluentes_subindices_sem_iqar_meteorologia,0.0,4,0.0505,1.0,0.0955,0,8340,0,444,8784,8340,444,8784,1.0,0.0,1000.0,0.1138,0.9495,54,1,1,168,0,0.0185
gaussian_naive_bayes,poluentes_subindices_sem_iqar_meteorologia,0.01,4,0.3014,0.9985,0.4629,7295,1045,1,443,1488,8340,444,8784,0.1253,0.0023,169.3989,20.378,0.7023,54,179,8,95,29,3.3148
gaussian_naive_bayes,poluentes_subindices_sem_iqar_meteorologia,0.02,4,0.3207,0.9985,0.4853,7379,961,1,443,1404,8340,444,8784,0.1152,0.0023,159.8361,19.6949,0.6845,54,173,7,93,27,3.2037
gaussian_naive_bayes,poluentes_subindices_sem_iqar_meteorologia,0.03,4,0.3289,0.9985,0.4947,7415,925,1,443,1368,8340,444,8784,0.1109,0.0023,155.7377,19.3534,0.6762,54,170,7,93,27,3.1481
gaussian_naive_bayes,poluentes_subindices_sem_iqar_meteorologia,0.04,4,0.3383,0.9985,0.5051,7452,888,1,443,1331,8340,444,8784,0.1065,0.0023,151.5255,19.2395,0.6672,54,169,7,92,27,3.1296
gaussian_naive_bayes,poluentes_subindices_sem_iqar_meteorologia,0.05,4,0.3473,0.9985,0.515,7484,856,1,443,1299,8340,444,8784,0.1026,0.0023,147.8825,19.1257,0.659,54,168,7,90,27,3.1111
gaussian_naive_bayes,poluentes_subindices_sem_iqar_meteorologia,0.06,4,0.3522,0.9985,0.5204,7499,841,1,443,1284,8340,444,8784,0.1008,0.0023,146.1749,18.898,0.655,54,166,7,90,26,3.0741
gaussian_naive_bayes,poluentes_subindices_sem_iqar_meteorologia,0.07,4,0.3569,0.9985,0.5255,7515,825,1,443,1268,8340,444,8784,0.0989,0.0023,144.3534,18.6703,0.6506,54,164,7,87,26,3.037
gaussian_naive_bayes,poluentes_subindices_sem_iqar_meteorologia,0.08,4,0.3594,0.9985,0.5282,7527,813,1,443,1256,8340,444,8784,0.0975,0.0023,142.9872,18.5565,0.6473,54,163,7,87,26,3.0185
gaussian_naive_bayes,poluentes_subindices_sem_iqar_meteorologia,0.09,4,0.3636,0.9985,0.5327,7541,799,1,443,1242,8340,444,8784,0.0958,0.0023,141.3934,18.5565,0.6433,54,163,7,87,25,3.0185
gaussian_naive_bayes,poluentes_subindices_sem_iqar_meteorologia,0.1,4,0.3709,0.9985,0.5404,7563,777,1,443,1220,8340,444,8784,0.0932,0.0023,138.8889,18.1011,0.6369,54,159,7,87,25,2.9444
gaussian_naive_bayes,poluentes_subindices_sem_iqar_meteorologia,0.11,4,0.3734,0.9985,0.543,7570,770,1,443,1213,8340,444,8784,0.0923,0.0023,138.092,17.9872,0.6348,54,158,7,87,25,2.9259
gaussian_naive_bayes,poluentes_subindices_sem_iqar_meteorologia,0.12,4,0.3756,0.9985,0.5454,7577,763,1,443,1206,8340,444,8784,0.0915,0.0023,137.2951,17.9872,0.6327,54,158,7,87,25,2.9259
gaussian_naive_bayes,poluentes_subindices_sem_iqar_meteorologia,0.13,4,0.3784,0.9985,0.5483,7586,754,1,443,1197,8340,444,8784,0.0904,0.0023,136.2705,17.9872,0.6299,54,158,7,86,25,2.9259
gaussian_naive_bayes,poluentes_subindices_sem_iqar_meteorologia,0.14,4,0.3809,0.9985,0.551,7594,746,1,443,1189,8340,444,8784,0.0894,0.0023,135.3597,17.9872,0.6274,54,158,8,86,25,2.9259
gaussian_naive_bayes,poluentes_subindices_sem_iqar_meteorologia,0.15,4,0.3851,0.9985,0.5553,7603,737,1,443,1180,8340,444,8784,0.0884,0.0023,134.3352,17.8734,0.6246,54,157,8,85,25,2.9074
gaussian_naive_bayes,poluentes_subindices_sem_iqar_meteorologia,0.16,4,0.3882,0.9985,0.5585,7609,731,1,443,1174,8340,444,8784,0.0876,0.0023,133.6521,17.7596,0.6227,54,156,8,85,25,2.8889
gaussian_naive_bayes,poluentes_subindices_sem_iqar_meteorologia,0.17,4,0.391,0.9985,0.5614,7618,722,1,443,1165,8340,444,8784,0.0866,0.0023,132.6275,17.6457,0.6197,54,155,8,84,24,2.8704
gaussian_naive_bayes,poluentes_subindices_sem_iqar_meteorologia,0.18,4,0.397,0.9985,0.5675,7631,709,1,443,1152,8340,444,8784,0.085,0.0023,131.1475,17.7596,0.6155,54,156,9,84,24,2.8889
gaussian_naive_bayes,poluentes_subindices_sem_iqar_meteorologia,0.19,4,0.3993,0.9985,0.5698,7639,701,1,443,1144,8340,444,8784,0.0841,0.0023,130.2368,17.7596,0.6128,54,156,9,84,24,2.8889
gaussian_naive_bayes,poluentes_subindices_sem_iqar_meteorologia,0.2,4,0.4022,0.9985,0.5728,7647,693,1,443,1136,8340,444,8784,0.0831,0.0023,129.326,17.5319,0.61,54,154,9,84,24,2.8519
gaussian_naive_bayes,poluentes_subindices_sem_iqar_meteorologia,0.21,4,0.4047,0.9985,0.5752,7654,686,1,443,1129,8340,444,8784,0.0823,0.0023,128.5291,17.418,0.6076,54,153,9,84,24,2.8333
gaussian_naive_bayes,poluentes_subindices_sem_iqar_meteorologia,0.22,4,0.4059,0.9985,0.5765,7658,682,1,443,1125,8340,444,8784,0.0818,0.0023,128.0738,17.1903,0.6062,54,151,8,84,23,2.7963
gaussian_naive_bayes,poluentes_subindices_sem_iqar_meteorologia,0.23,4,0.4069,0.9985,0.5775,7662,678,1,443,1121,8340,444,8784,0.0813,0.0023,127.6184,17.1903,0.6048,54,151,8,83,23,2.7963
gaussian_naive_bayes,poluentes_subindices_sem_iqar_meteorologia,0.24,4,0.4081,0.9985,0.5787,7667,673,1,443,1116,8340,444,8784,0.0807,0.0023,127.0492,17.0765,0.603,54,150,8,82,23,2.7778
gaussian_naive_bayes,poluentes_subindices_sem_iqar_meteorologia,0.25,4,0.4102,0.9985,0.5808,7671,669,1,443,1112,8340,444,8784,0.0802,0.0023,126.5938,16.9627,0.6016,54,149,8,82,23,2.7593
gaussian_naive_bayes,poluentes_subindices_sem_iqar_meteorologia,0.26,4,0.4112,0.9985,0.5818,7674,666,1,443,1109,8340,444,8784,0.0799,0.0023,126.2523,16.9627,0.6005,54,149,8,82,23,2.7593
gaussian_naive_bayes,poluentes_subindices_sem_iqar_meteorologia,0.27,4,0.4122,0.9985,0.5829,7678,662,1,443,1105,8340,444,8784,0.0794,0.0023,125.7969,16.9627,0.5991,54,149,7,82,24,2.7593
gaussian_naive_bayes,poluentes_subindices_sem_iqar_meteorologia,0.28,4,0.4149,0.9985,0.5855,7683,657,1,443,1100,8340,444,8784,0.0788,0.0023,125.2277,17.0765,0.5973,54,150,7,82,25,2.7778
gaussian_naive_bayes,poluentes_subindices_sem_iqar_meteorologia,0.29,4,0.4162,0.9985,0.5867,7685,655,1,443,1098,8340,444,8784,0.0785,0.0023,125.0,17.0765,0.5965,54,150,7,82,25,2.7778
gaussian_naive_bayes,poluentes_subindices_sem_iqar_meteorologia,0.3,4,0.4175,0.9985,0.588,7687,653,1,443,1096,8340,444,8784,0.0783,0.0023,124.7723,17.0765,0.5958,54,150,7,82,25,2.7778
gaussian_naive_bayes,poluentes_subindices_sem_iqar_meteorologia,0.31,4,0.4194,0.9985,0.5899,7691,649,1,443,1092,8340,444,8784,0.0778,0.0023,124.3169,17.0765,0.5943,54,150,7,82,25,2.7778
gaussian_naive_bayes,poluentes_subindices_sem_iqar_meteorologia,0.32,4,0.4202,0.9985,0.5907,7694,646,1,443,1089,8340,444,8784,0.0775,0.0023,123.9754,17.0765,0.5932,54,150,7,81,25,2.7778
gaussian_naive_bayes,poluentes_subindices_sem_iqar_meteorologia,0.33,4,0.4226,0.9985,0.593,7698,642,1,443,1085,8340,444,8784,0.077,0.0023,123.52,17.0765,0.5917,54,150,7,81,25,2.7778
gaussian_naive_bayes,poluentes_subindices_sem_iqar_meteorologia,0.34,4,0.4234,0.9985,0.5939,7701,639,1,443,1082,8340,444,8784,0.0766,0.0023,123.1785,16.9627,0.5906,54,149,7,80,25,2.7593
gaussian_naive_bayes,poluentes_subindices_sem_iqar_meteorologia,0.35000000000000003,4,0.426,0.9971,0.5961,7707,633,2,442,1075,8340,444,8784,0.0759,0.0045,122.3816,16.8488,0.5888,54,148,7,80,24,2.7407
gaussian_naive_bayes,poluentes_subindices_sem_iqar_meteorologia,0.36,4,0.4271,0.9971,0.5972,7710,630,2,442,1072,8340,444,8784,0.0755,0.0045,122.0401,16.9627,0.5877,54,149,7,79,24,2.7593
gaussian_naive_bayes,poluentes_subindices_sem_iqar_meteorologia,0.37,4,0.4289,0.9971,0.5989,7712,628,2,442,1070,8340,444,8784,0.0753,0.0045,121.8124,16.8488,0.5869,54,148,7,79,23,2.7407
gaussian_naive_bayes,poluentes_subindices_sem_iqar_meteorologia,0.38,4,0.4303,0.9956,0.6001,7717,623,3,441,1064,8340,444,8784,0.0747,0.0068,121.1293,16.8488,0.5855,54,148,7,79,23,2.7407
gaussian_naive_bayes,poluentes_subindices_sem_iqar_meteorologia,0.39,4,0.432,0.9956,0.6016,7721,619,3,441,1060,8340,444,8784,0.0742,0.0068,120.674,16.735,0.584,54,147,7,79,22,2.7222
gaussian_naive_bayes,poluentes_subindices_sem_iqar_meteorologia,0.4,4,0.4331,0.9956,0.6028,7724,616,3,441,1057,8340,444,8784,0.0739,0.0068,120.3324,16.735,0.5828,54,147,7,79,22,2.7222
gaussian_naive_bayes,poluentes_subindices_sem_iqar_meteorologia,0.41000000000000003,4,0.4336,0.9956,0.6032,7725,615,3,441,1056,8340,444,8784,0.0737,0.0068,120.2186,16.735,0.5824,54,147,7,79,22,2.7222
gaussian_naive_bayes,poluentes_subindices_sem_iqar_meteorologia,0.42,4,0.435,0.9956,0.6045,7729,611,3,441,1052,8340,444,8784,0.0733,0.0068,119.7632,16.735,0.5808,54,147,7,79,22,2.7222
gaussian_naive_bayes,poluentes_subindices_sem_iqar_meteorologia,0.43,4,0.4382,0.9956,0.6077,7737,603,3,441,1044,8340,444,8784,0.0723,0.0068,118.8525,16.6211,0.5776,54,146,7,79,21,2.7037
gaussian_naive_bayes,poluentes_subindices_sem_iqar_meteorologia,0.44,4,0.4423,0.9956,0.6116,7744,596,3,441,1037,8340,444,8784,0.0715,0.0068,118.0556,16.6211,0.5747,54,146,7,79,21,2.7037
gaussian_naive_bayes,poluentes_subindices_sem_iqar_meteorologia,0.45,4,0.443,0.9956,0.6122,7747,593,3,441,1034,8340,444,8784,0.0711,0.0068,117.714,16.6211,0.5735,54,146,7,78,21,2.7037
gaussian_naive_bayes,poluentes_subindices_sem_iqar_meteorologia,0.46,4,0.4442,0.9956,0.6134,7750,590,3,441,1031,8340,444,8784,0.0707,0.0068,117.3725,16.6211,0.5723,54,146,7,78,21,2.7037
gaussian_naive_bayes,poluentes_subindices_sem_iqar_meteorologia,0.47000000000000003,4,0.4467,0.9956,0.6157,7754,586,3,441,1027,8340,444,8784,0.0703,0.0068,116.9171,16.5073,0.5706,54,145,7,78,21,2.6852
gaussian_naive_bayes,poluentes_subindices_sem_iqar_meteorologia,0.48,4,0.4495,0.9956,0.6184,7760,580,3,441,1021,8340,444,8784,0.0695,0.0068,116.2341,16.5073,0.5681,54,145,7,78,21,2.6852
gaussian_naive_bayes,poluentes_subindices_sem_iqar_meteorologia,0.49,4,0.4527,0.9956,0.6212,7764,576,3,441,1017,8340,444,8784,0.0691,0.0068,115.7787,16.5073,0.5664,54,145,7,78,21,2.6852
gaussian_naive_bayes,poluentes_subindices_sem_iqar_meteorologia,0.5,4,0.4549,0.9956,0.6232,7768,572,3,441,1013,8340,444,8784,0.0686,0.0068,115.3233,16.6211,0.5647,54,146,8,78,21,2.7037
gaussian_naive_bayes,poluentes_subindices_sem_iqar_meteorologia,0.51,4,0.4578,0.9956,0.6259,7773,567,3,441,1008,8340,444,8784,0.068,0.0068,114.7541,16.6211,0.5625,54,146,8,78,21,2.7037
gaussian_naive_bayes,poluentes_subindices_sem_iqar_meteorologia,0.52,4,0.4584,0.9956,0.6266,7776,564,3,441,1005,8340,444,8784,0.0676,0.0068,114.4126,16.6211,0.5612,54,146,8,78,21,2.7037
gaussian_naive_bayes,poluentes_subindices_sem_iqar_meteorologia,0.53,4,0.4607,0.9956,0.6287,7779,561,3,441,1002,8340,444,8784,0.0673,0.0068,114.071,16.5073,0.5599,54,145,8,78,20,2.6852
gaussian_naive_bayes,poluentes_subindices_sem_iqar_meteorologia,0.54,4,0.4625,0.9956,0.6304,7784,556,3,441,997,8340,444,8784,0.0667,0.0068,113.5018,16.3934,0.5577,54,144,7,78,20,2.6667
gaussian_naive_bayes,poluentes_subindices_sem_iqar_meteorologia,0.55,4,0.4635,0.9956,0.6314,7787,553,3,441,994,8340,444,8784,0.0663,0.0068,113.1603,16.3934,0.5563,54,144,7,78,20,2.6667
gaussian_naive_bayes,poluentes_subindices_sem_iqar_meteorologia,0.56,4,0.4644,0.9956,0.6323,7791,549,3,441,990,8340,444,8784,0.0658,0.0068,112.7049,16.3934,0.5545,54,144,7,77,20,2.6667
gaussian_naive_bayes,poluentes_subindices_sem_iqar_meteorologia,0.5700000000000001,4,0.466,0.9956,0.6338,7795,545,3,441,986,8340,444,8784,0.0653,0.0068,112.2495,16.3934,0.5527,54,144,7,77,20,2.6667
gaussian_naive_bayes,poluentes_subindices_sem_iqar_meteorologia,0.58,4,0.4676,0.9956,0.6352,7797,543,3,441,984,8340,444,8784,0.0651,0.0068,112.0219,16.3934,0.5518,54,144,7,77,20,2.6667
gaussian_naive_bayes,poluentes_subindices_sem_iqar_meteorologia,0.59,4,0.4686,0.9956,0.6362,7800,540,3,441,981,8340,444,8784,0.0647,0.0068,111.6803,16.2796,0.5505,54,143,7,77,20,2.6481
gaussian_naive_bayes,poluentes_subindices_sem_iqar_meteorologia,0.6,4,0.4694,0.9956,0.6369,7802,538,3,441,979,8340,444,8784,0.0645,0.0068,111.4526,16.1658,0.5495,54,142,7,76,20,2.6296
gaussian_naive_bayes,poluentes_subindices_sem_iqar_meteorologia,0.61,4,0.4702,0.9956,0.6376,7804,536,3,441,977,8340,444,8784,0.0643,0.0068,111.225,16.1658,0.5486,54,142,7,76,20,2.6296
gaussian_naive_bayes,poluentes_subindices_sem_iqar_meteorologia,0.62,4,0.4719,0.9956,0.6391,7807,533,3,441,974,8340,444,8784,0.0639,0.0068,110.8834,16.1658,0.5472,54,142,7,76,20,2.6296
gaussian_naive_bayes,poluentes_subindices_sem_iqar_meteorologia,0.63,4,0.4724,0.9956,0.6396,7808,532,3,441,973,8340,444,8784,0.0638,0.0068,110.7696,16.1658,0.5468,54,142,7,76,20,2.6296
gaussian_naive_bayes,poluentes_subindices_sem_iqar_meteorologia,0.64,4,0.4749,0.9956,0.6419,7811,529,3,441,970,8340,444,8784,0.0634,0.0068,110.4281,16.0519,0.5454,54,141,7,76,20,2.6111
gaussian_naive_bayes,poluentes_subindices_sem_iqar_meteorologia,0.65,4,0.4779,0.9956,0.6446,7816,524,3,441,965,8340,444,8784,0.0628,0.0068,109.8588,15.9381,0.543,54,140,7,76,20,2.5926
gaussian_naive_bayes,poluentes_subindices_sem_iqar_meteorologia,0.66,4,0.4823,0.9956,0.6485,7823,517,3,441,958,8340,444,8784,0.062,0.0068,109.0619,15.8242,0.5397,54,139,7,76,20,2.5741
gaussian_naive_bayes,poluentes_subindices_sem_iqar_meteorologia,0.67,4,0.4841,0.9956,0.6501,7827,513,3,441,954,8340,444,8784,0.0615,0.0068,108.6066,15.7104,0.5377,54,138,6,76,20,2.5556
gaussian_naive_bayes,poluentes_subindices_sem_iqar_meteorologia,0.68,4,0.4854,0.9956,0.6512,7829,511,3,441,952,8340,444,8784,0.0613,0.0068,108.3789,15.5965,0.5368,54,137,6,76,20,2.537
gaussian_naive_bayes,poluentes_subindices_sem_iqar_meteorologia,0.6900000000000001,4,0.4868,0.9956,0.6525,7831,509,3,441,950,8340,444,8784,0.061,0.0068,108.1512,15.5965,0.5358,54,137,6,76,20,2.537
gaussian_naive_bayes,poluentes_subindices_sem_iqar_meteorologia,0.7000000000000001,4,0.4895,0.9956,0.6548,7836,504,3,441,945,8340,444,8784,0.0604,0.0068,107.582,15.7104,0.5333,54,138,6,76,20,2.5556
gaussian_naive_bayes,poluentes_subindices_sem_iqar_meteorologia,0.71,4,0.4915,0.9956,0.6567,7839,501,3,441,942,8340,444,8784,0.0601,0.0068,107.2404,15.7104,0.5318,54,138,6,76,20,2.5556
gaussian_naive_bayes,poluentes_subindices_sem_iqar_meteorologia,0.72,4,0.4927,0.9956,0.6577,7842,498,3,441,939,8340,444,8784,0.0597,0.0068,106.8989,15.7104,0.5304,54,138,6,76,20,2.5556
gaussian_naive_bayes,poluentes_subindices_sem_iqar_meteorologia,0.73,4,0.4958,0.9956,0.6606,7848,492,3,441,933,8340,444,8784,0.059,0.0068,106.2158,15.5965,0.5273,54,137,6,76,20,2.537
gaussian_naive_bayes,poluentes_subindices_sem_iqar_meteorologia,0.74,4,0.4974,0.9956,0.6619,7851,489,3,441,930,8340,444,8784,0.0586,0.0068,105.8743,15.5965,0.5258,54,137,6,76,20,2.537
gaussian_naive_bayes,poluentes_subindices_sem_iqar_meteorologia,0.75,4,0.5001,0.9956,0.6643,7856,484,3,441,925,8340,444,8784,0.058,0.0068,105.3051,15.4827,0.5232,54,136,6,76,20,2.5185
gaussian_naive_bayes,poluentes_subindices_sem_iqar_meteorologia,0.76,4,0.501,0.9956,0.6651,7858,482,3,441,923,8340,444,8784,0.0578,0.0068,105.0774,15.4827,0.5222,54,136,6,76,20,2.5185
gaussian_naive_bayes,poluentes_subindices_sem_iqar_meteorologia,0.77,4,0.5036,0.9956,0.6673,7861,479,3,441,920,8340,444,8784,0.0574,0.0068,104.7359,15.4827,0.5207,54,136,6,76,20,2.5185
gaussian_naive_bayes,poluentes_subindices_sem_iqar_meteorologia,0.78,4,0.5065,0.9956,0.6698,7864,476,3,441,917,8340,444,8784,0.0571,0.0068,104.3944,15.3689,0.5191,54,135,6,76,20,2.5
gaussian_naive_bayes,poluentes_subindices_sem_iqar_meteorologia,0.79,4,0.509,0.9956,0.6721,7869,471,3,441,912,8340,444,8784,0.0565,0.0068,103.8251,15.1412,0.5164,54,133,6,76,20,2.463
gaussian_naive_bayes,poluentes_subindices_sem_iqar_meteorologia,0.8,4,0.5107,0.9956,0.6735,7872,468,3,441,909,8340,444,8784,0.0561,0.0068,103.4836,15.1412,0.5149,54,133,6,76,20,2.463
gaussian_naive_bayes,poluentes_subindices_sem_iqar_meteorologia,0.81,4,0.5135,0.9956,0.676,7878,462,3,441,903,8340,444,8784,0.0554,0.0068,102.8005,15.1412,0.5116,54,133,6,75,20,2.463
gaussian_naive_bayes,poluentes_subindices_sem_iqar_meteorologia,0.8200000000000001,4,0.5151,0.9956,0.6773,7880,460,3,441,901,8340,444,8784,0.0552,0.0068,102.5729,15.1412,0.5105,54,133,6,74,20,2.463
gaussian_naive_bayes,poluentes_subindices_sem_iqar_meteorologia,0.8300000000000001,4,0.5156,0.9956,0.6779,7882,458,3,441,899,8340,444,8784,0.0549,0.0068,102.3452,15.1412,0.5095,54,133,6,74,20,2.463
gaussian_naive_bayes,poluentes_subindices_sem_iqar_meteorologia,0.84,4,0.5229,0.9956,0.684,7892,448,3,441,889,8340,444,8784,0.0537,0.0068,101.2067,15.1412,0.5039,54,133,6,74,20,2.463
gaussian_naive_bayes,poluentes_subindices_sem_iqar_meteorologia,0.85,4,0.5269,0.9956,0.6874,7898,442,3,441,883,8340,444,8784,0.053,0.0068,100.5237,15.1412,0.5006,54,133,6,74,20,2.463
gaussian_naive_bayes,poluentes_subindices_sem_iqar_meteorologia,0.86,4,0.5276,0.9956,0.688,7899,441,3,441,882,8340,444,8784,0.0529,0.0068,100.4098,15.1412,0.5,54,133,6,74,20,2.463
gaussian_naive_bayes,poluentes_subindices_sem_iqar_meteorologia,0.87,4,0.5322,0.9956,0.6919,7907,433,3,441,874,8340,444,8784,0.0519,0.0068,99.4991,15.1412,0.4954,54,133,6,72,20,2.463
gaussian_naive_bayes,poluentes_subindices_sem_iqar_meteorologia,0.88,4,0.5361,0.9956,0.6951,7912,428,3,441,869,8340,444,8784,0.0513,0.0068,98.9299,15.0273,0.4925,54,132,6,72,20,2.4444
gaussian_naive_bayes,poluentes_subindices_sem_iqar_meteorologia,0.89,4,0.5426,0.9956,0.7005,7921,419,3,441,860,8340,444,8784,0.0502,0.0068,97.9053,14.9135,0.4872,54,131,6,72,19,2.4259
gaussian_naive_bayes,poluentes_subindices_sem_iqar_meteorologia,0.9,4,0.5496,0.9956,0.7063,7931,409,3,441,850,8340,444,8784,0.049,0.0068,96.7668,14.5719,0.4812,54,128,6,72,18,2.3704
gaussian_naive_bayes,poluentes_subindices_sem_iqar_meteorologia,0.91,4,0.5558,0.9956,0.7112,7938,402,3,441,843,8340,444,8784,0.0482,0.0068,95.9699,14.5719,0.4769,54,128,6,72,18,2.3704
gaussian_naive_bayes,poluentes_subindices_sem_iqar_meteorologia,0.92,4,0.5667,0.9956,0.7199,7953,387,3,441,828,8340,444,8784,0.0464,0.0068,94.2623,14.4581,0.4674,54,127,6,72,17,2.3519
gaussian_naive_bayes,poluentes_subindices_sem_iqar_meteorologia,0.93,4,0.5711,0.9956,0.7234,7960,380,3,441,821,8340,444,8784,0.0456,0.0068,93.4654,14.3443,0.4629,54,126,6,72,16,2.3333
gaussian_naive_bayes,poluentes_subindices_sem_iqar_meteorologia,0.9400000000000001,4,0.5777,0.9956,0.7286,7968,372,3,441,813,8340,444,8784,0.0446,0.0068,92.5546,14.3443,0.4576,54,126,6,72,16,2.3333
gaussian_naive_bayes,poluentes_subindices_sem_iqar_meteorologia,0.9500000000000001,4,0.5933,0.9956,0.7405,7983,357,3,441,798,8340,444,8784,0.0428,0.0068,90.847,14.3443,0.4474,54,126,6,72,16,2.3333
gaussian_naive_bayes,poluentes_subindices_sem_iqar_meteorologia,0.96,4,0.6076,0.9932,0.7504,7997,343,4,440,783,8340,444,8784,0.0411,0.009,89.1393,14.0027,0.4381,54,123,6,72,16,2.2778
gaussian_naive_bayes,poluentes_subindices_sem_iqar_meteorologia,0.97,4,0.6227,0.9862,0.7592,8013,327,6,438,765,8340,444,8784,0.0392,0.0135,87.0902,13.8889,0.4275,54,122,6,70,14,2.2593
gaussian_naive_bayes,poluentes_subindices_sem_iqar_meteorologia,0.98,4,0.641,0.9775,0.7697,8035,305,10,434,739,8340,444,8784,0.0366,0.0225,84.1302,13.8889,0.4127,54,122,5,68,14,2.2593
gaussian_naive_bayes,poluentes_subindices_sem_iqar_meteorologia,0.99,4,0.6753,0.9576,0.7871,8078,262,19,425,687,8340,444,8784,0.0314,0.0428,78.2104,12.4089,0.3814,54,109,5,66,11,2.0185
gaussian_naive_bayes,poluentes_subindices_sem_iqar_meteorologia,1.0,4,0.8161,0.1892,0.3042,8327,13,353,91,104,8340,444,8784,0.0016,0.795,11.8397,3.5291,0.125,54,31,3,15,0,0.5741
gaussian_naive_bayes,subindices_meteorologia,0.0,4,0.0505,1.0,0.0955,0,8340,0,444,8784,8340,444,8784,1.0,0.0,1000.0,0.1138,0.9495,54,1,1,168,0,0.0185
gaussian_naive_bayes,subindices_meteorologia,0.01,4,0.3514,1.0,0.5198,7499,841,0,444,1285,8340,444,8784,0.1008,0.0,146.2887,18.7842,0.6545,54,165,7,96,26,3.0556
gaussian_naive_bayes,subindices_meteorologia,0.02,4,0.3735,1.0,0.5433,7567,773,0,444,1217,8340,444,8784,0.0927,0.0,138.5474,18.4426,0.6352,54,162,7,94,24,3.0
gaussian_naive_bayes,subindices_meteorologia,0.03,4,0.3829,1.0,0.5532,7595,745,0,444,1189,8340,444,8784,0.0893,0.0,135.3597,18.2149,0.6266,54,160,7,92,24,2.963
gaussian_naive_bayes,subindices_meteorologia,0.04,4,0.3927,1.0,0.5632,7620,720,0,444,1164,8340,444,8784,0.0863,0.0,132.5137,17.7596,0.6186,54,156,7,92,24,2.8889
gaussian_naive_bayes,subindices_meteorologia,0.05,4,0.3984,1.0,0.569,7636,704,0,444,1148,8340,444,8784,0.0844,0.0,130.6922,17.6457,0.6132,54,155,7,92,23,2.8704
gaussian_naive_bayes,subindices_meteorologia,0.06,4,0.4026,1.0,0.5733,7651,689,0,444,1133,8340,444,8784,0.0826,0.0,128.9845,17.5319,0.6081,54,154,7,92,23,2.8519
gaussian_naive_bayes,subindices_meteorologia,0.07,4,0.4059,0.9985,0.5764,7660,680,1,443,1123,8340,444,8784,0.0815,0.0023,127.8461,17.418,0.6055,54,153,7,92,23,2.8333
gaussian_naive_bayes,subindices_meteorologia,0.08,4,0.4097,0.9985,0.5801,7670,670,1,443,1113,8340,444,8784,0.0803,0.0023,126.7077,17.3042,0.602,54,152,7,92,22,2.8148
gaussian_naive_bayes,subindices_meteorologia,0.09,4,0.4106,0.9985,0.5811,7673,667,1,443,1110,8340,444,8784,0.08,0.0023,126.3661,17.3042,0.6009,54,152,7,91,22,2.8148
gaussian_naive_bayes,subindices_meteorologia,0.1,4,0.4123,0.9985,0.5829,7679,661,1,443,1104,8340,444,8784,0.0793,0.0023,125.6831,17.1903,0.5987,54,151,7,91,21,2.7963
gaussian_naive_bayes,subindices_meteorologia,0.11,4,0.4156,0.9985,0.5862,7687,653,1,443,1096,8340,444,8784,0.0783,0.0023,124.7723,17.1903,0.5958,54,151,7,90,21,2.7963
gaussian_naive_bayes,subindices_meteorologia,0.12,4,0.4181,0.9985,0.5887,7694,646,1,443,1089,8340,444,8784,0.0775,0.0023,123.9754,17.3042,0.5932,54,152,7,90,22,2.8148
gaussian_naive_bayes,subindices_meteorologia,0.13,4,0.4203,0.9985,0.5908,7700,640,1,443,1083,8340,444,8784,0.0767,0.0023,123.2923,17.3042,0.591,54,152,7,89,22,2.8148
gaussian_naive_bayes,subindices_meteorologia,0.14,4,0.4219,0.9985,0.5925,7704,636,1,443,1079,8340,444,8784,0.0763,0.0023,122.837,17.3042,0.5894,54,152,7,89,22,2.8148
gaussian_naive_bayes,subindices_meteorologia,0.15,4,0.4247,0.9985,0.5951,7710,630,1,443,1073,8340,444,8784,0.0755,0.0023,122.1539,17.3042,0.5871,54,152,7,89,22,2.8148
gaussian_naive_bayes,subindices_meteorologia,0.16,4,0.427,0.9985,0.5974,7717,623,1,443,1066,8340,444,8784,0.0747,0.0023,121.357,17.3042,0.5844,54,152,7,88,22,2.8148
gaussian_naive_bayes,subindices_meteorologia,0.17,4,0.4289,0.9985,0.5993,7723,617,1,443,1060,8340,444,8784,0.074,0.0023,120.674,17.1903,0.5821,54,151,7,87,22,2.7963
gaussian_naive_bayes,subindices_meteorologia,0.18,4,0.4297,0.9985,0.6001,7725,615,1,443,1058,8340,444,8784,0.0737,0.0023,120.4463,17.0765,0.5813,54,150,7,87,21,2.7778
gaussian_naive_bayes,subindices_meteorologia,0.19,4,0.4322,0.9985,0.6026,7732,608,1,443,1051,8340,444,8784,0.0729,0.0023,119.6494,17.0765,0.5785,54,150,7,87,21,2.7778
gaussian_naive_bayes,subindices_meteorologia,0.2,4,0.4331,0.9985,0.6035,7735,605,1,443,1048,8340,444,8784,0.0725,0.0023,119.3078,16.8488,0.5773,54,148,7,87,21,2.7407
gaussian_naive_bayes,subindices_meteorologia,0.21,4,0.4348,0.9985,0.6052,7740,600,1,443,1043,8340,444,8784,0.0719,0.0023,118.7386,16.8488,0.5753,54,148,7,86,21,2.7407
gaussian_naive_bayes,subindices_meteorologia,0.22,4,0.4366,0.9985,0.6069,7744,596,1,443,1039,8340,444,8784,0.0715,0.0023,118.2832,16.8488,0.5736,54,148,7,86,21,2.7407
gaussian_naive_bayes,subindices_meteorologia,0.23,4,0.4382,0.9985,0.6084,7747,593,1,443,1036,8340,444,8784,0.0711,0.0023,117.9417,16.8488,0.5724,54,148,7,86,21,2.7407
gaussian_naive_bayes,subindices_meteorologia,0.24,4,0.4388,0.9985,0.609,7749,591,1,443,1034,8340,444,8784,0.0709,0.0023,117.714,16.8488,0.5716,54,148,7,86,21,2.7407
gaussian_naive_bayes,subindices_meteorologia,0.25,4,0.4403,0.9985,0.6105,7753,587,1,443,1030,8340,444,8784,0.0704,0.0023,117.2587,16.8488,0.5699,54,148,7,86,21,2.7407
gaussian_naive_bayes,subindices_meteorologia,0.26,4,0.4418,0.9985,0.612,7757,583,1,443,1026,8340,444,8784,0.0699,0.0023,116.8033,16.735,0.5682,54,147,7,86,21,2.7222
gaussian_naive_bayes,subindices_meteorologia,0.27,4,0.4418,0.9985,0.612,7757,583,1,443,1026,8340,444,8784,0.0699,0.0023,116.8033,16.735,0.5682,54,147,7,86,21,2.7222
gaussian_naive_bayes,subindices_meteorologia,0.28,4,0.4429,0.9985,0.6131,7760,580,1,443,1023,8340,444,8784,0.0695,0.0023,116.4617,16.735,0.567,54,147,7,86,21,2.7222
gaussian_naive_bayes,subindices_meteorologia,0.29,4,0.4443,0.9985,0.6143,7762,578,1,443,1021,8340,444,8784,0.0693,0.0023,116.2341,16.735,0.5661,54,147,7,86,21,2.7222
gaussian_naive_bayes,subindices_meteorologia,0.3,4,0.4464,0.9985,0.6163,7768,572,1,443,1015,8340,444,8784,0.0686,0.0023,115.551,16.735,0.5635,54,147,7,86,21,2.7222
gaussian_naive_bayes,subindices_meteorologia,0.31,4,0.4495,0.9985,0.6193,7774,566,1,443,1009,8340,444,8784,0.0679,0.0023,114.8679,16.735,0.561,54,147,7,86,21,2.7222
gaussian_naive_bayes,subindices_meteorologia,0.32,4,0.4498,0.9985,0.6196,7775,565,1,443,1008,8340,444,8784,0.0677,0.0023,114.7541,16.735,0.5605,54,147,7,86,21,2.7222
gaussian_naive_bayes,subindices_meteorologia,0.33,4,0.4513,0.9985,0.621,7777,563,1,443,1006,8340,444,8784,0.0675,0.0023,114.5264,16.735,0.5596,54,147,7,86,21,2.7222
gaussian_naive_bayes,subindices_meteorologia,0.34,4,0.4518,0.9985,0.6214,7778,562,1,443,1005,8340,444,8784,0.0674,0.0023,114.4126,16.735,0.5592,54,147,7,86,21,2.7222
gaussian_naive_bayes,subindices_meteorologia,0.35000000000000003,4,0.4531,0.9985,0.6227,7781,559,1,443,1002,8340,444,8784,0.067,0.0023,114.071,16.5073,0.5579,54,145,7,86,20,2.6852
gaussian_naive_bayes,subindices_meteorologia,0.36,4,0.454,0.9985,0.6236,7783,557,1,443,1000,8340,444,8784,0.0668,0.0023,113.8434,16.5073,0.557,54,145,7,86,20,2.6852
gaussian_naive_bayes,subindices_meteorologia,0.37,4,0.4565,0.9985,0.626,7790,550,1,443,993,8340,444,8784,0.0659,0.0023,113.0464,16.3934,0.5539,54,144,6,85,20,2.6667
gaussian_naive_bayes,subindices_meteorologia,0.38,4,0.4565,0.9985,0.626,7790,550,1,443,993,8340,444,8784,0.0659,0.0023,113.0464,16.3934,0.5539,54,144,6,85,20,2.6667
gaussian_naive_bayes,subindices_meteorologia,0.39,4,0.457,0.9985,0.6265,7792,548,1,443,991,8340,444,8784,0.0657,0.0023,112.8188,16.3934,0.553,54,144,6,84,20,2.6667
gaussian_naive_bayes,subindices_meteorologia,0.4,4,0.458,0.9985,0.6274,7794,546,1,443,989,8340,444,8784,0.0655,0.0023,112.5911,16.2796,0.5521,54,143,6,84,20,2.6481
gaussian_naive_bayes,subindices_meteorologia,0.41000000000000003,4,0.4598,0.9985,0.6291,7797,543,1,443,986,8340,444,8784,0.0651,0.0023,112.2495,16.3934,0.5507,54,144,6,83,20,2.6667
gaussian_naive_bayes,subindices_meteorologia,0.42,4,0.4624,0.9985,0.6315,7801,539,1,443,982,8340,444,8784,0.0646,0.0023,111.7942,16.0519,0.5489,54,141,6,83,19,2.6111
gaussian_naive_bayes,subindices_meteorologia,0.43,4,0.4632,0.9985,0.6322,7803,537,1,443,980,8340,444,8784,0.0644,0.0023,111.5665,15.9381,0.548,54,140,6,83,19,2.5926
gaussian_naive_bayes,subindices_meteorologia,0.44,4,0.4632,0.9985,0.6322,7803,537,1,443,980,8340,444,8784,0.0644,0.0023,111.5665,15.9381,0.548,54,140,6,83,19,2.5926
gaussian_naive_bayes,subindices_meteorologia,0.45,4,0.4632,0.9985,0.6322,7803,537,1,443,980,8340,444,8784,0.0644,0.0023,111.5665,15.9381,0.548,54,140,6,83,19,2.5926
gaussian_naive_bayes,subindices_meteorologia,0.46,4,0.464,0.9985,0.6329,7805,535,1,443,978,8340,444,8784,0.0641,0.0023,111.3388,15.9381,0.547,54,140,6,83,19,2.5926
gaussian_naive_bayes,subindices_meteorologia,0.47000000000000003,4,0.464,0.9985,0.6329,7805,535,1,443,978,8340,444,8784,0.0641,0.0023,111.3388,15.9381,0.547,54,140,6,83,19,2.5926
gaussian_naive_bayes,subindices_meteorologia,0.48,4,0.4655,0.9985,0.6343,7808,532,1,443,975,8340,444,8784,0.0638,0.0023,110.9973,15.9381,0.5456,54,140,6,83,19,2.5926
gaussian_naive_bayes,subindices_meteorologia,0.49,4,0.4659,0.9985,0.6347,7809,531,1,443,974,8340,444,8784,0.0637,0.0023,110.8834,15.9381,0.5452,54,140,6,83,19,2.5926
gaussian_naive_bayes,subindices_meteorologia,0.5,4,0.4674,0.9985,0.6361,7812,528,1,443,971,8340,444,8784,0.0633,0.0023,110.5419,15.8242,0.5438,54,139,6,83,18,2.5741
gaussian_naive_bayes,subindices_meteorologia,0.51,4,0.4691,0.9985,0.6376,7814,526,1,443,969,8340,444,8784,0.0631,0.0023,110.3142,15.8242,0.5428,54,139,6,83,18,2.5741
gaussian_naive_bayes,subindices_meteorologia,0.52,4,0.4699,0.9985,0.6384,7817,523,1,443,966,8340,444,8784,0.0627,0.0023,109.9727,15.8242,0.5414,54,139,6,83,18,2.5741
gaussian_naive_bayes,subindices_meteorologia,0.53,4,0.4707,0.9985,0.6392,7819,521,1,443,964,8340,444,8784,0.0625,0.0023,109.745,15.8242,0.5405,54,139,6,83,18,2.5741
gaussian_naive_bayes,subindices_meteorologia,0.54,4,0.4727,0.9985,0.6411,7824,516,1,443,959,8340,444,8784,0.0619,0.0023,109.1758,15.9381,0.5381,54,140,6,82,18,2.5926
gaussian_naive_bayes,subindices_meteorologia,0.55,4,0.4727,0.9985,0.6411,7824,516,1,443,959,8340,444,8784,0.0619,0.0023,109.1758,15.9381,0.5381,54,140,6,82,18,2.5926
gaussian_naive_bayes,subindices_meteorologia,0.56,4,0.4754,0.9985,0.6436,7828,512,1,443,955,8340,444,8784,0.0614,0.0023,108.7204,15.8242,0.5361,54,139,6,82,18,2.5741
gaussian_naive_bayes,subindices_meteorologia,0.5700000000000001,4,0.4772,0.9985,0.6452,7832,508,1,443,951,8340,444,8784,0.0609,0.0023,108.265,15.8242,0.5342,54,139,6,82,18,2.5741
gaussian_naive_bayes,subindices_meteorologia,0.58,4,0.4793,0.9985,0.6471,7835,505,1,443,948,8340,444,8784,0.0606,0.0023,107.9235,15.7104,0.5327,54,138,6,82,18,2.5556
gaussian_naive_bayes,subindices_meteorologia,0.59,4,0.4796,0.9985,0.6473,7836,504,1,443,947,8340,444,8784,0.0604,0.0023,107.8097,15.7104,0.5322,54,138,6,82,18,2.5556
gaussian_naive_bayes,subindices_meteorologia,0.6,4,0.481,0.9985,0.6486,7840,500,1,443,943,8340,444,8784,0.06,0.0023,107.3543,15.7104,0.5302,54,138,6,82,18,2.5556
gaussian_naive_bayes,subindices_meteorologia,0.61,4,0.4821,0.9985,0.6496,7842,498,1,443,941,8340,444,8784,0.0597,0.0023,107.1266,15.5965,0.5292,54,137,6,82,18,2.537
gaussian_naive_bayes,subindices_meteorologia,0.62,4,0.4862,0.9961,0.6528,7849,491,2,442,933,8340,444,8784,0.0589,0.0045,106.2158,15.5965,0.5263,54,137,6,80,18,2.537
gaussian_naive_bayes,subindices_meteorologia,0.63,4,0.4878,0.9961,0.6541,7851,489,2,442,931,8340,444,8784,0.0586,0.0045,105.9882,15.5965,0.5252,54,137,6,80,18,2.537
gaussian_naive_bayes,subindices_meteorologia,0.64,4,0.4895,0.9961,0.6557,7855,485,2,442,927,8340,444,8784,0.0582,0.0045,105.5328,15.4827,0.5232,54,136,6,80,18,2.5185
gaussian_naive_bayes,subindices_meteorologia,0.65,4,0.492,0.9961,0.6579,7860,480,2,442,922,8340,444,8784,0.0576,0.0045,104.9636,15.255,0.5206,54,134,6,80,18,2.4815
gaussian_naive_bayes,subindices_meteorologia,0.66,4,0.4931,0.9961,0.659,7863,477,2,442,919,8340,444,8784,0.0572,0.0045,104.622,15.255,0.519,54,134,6,80,18,2.4815
gaussian_naive_bayes,subindices_meteorologia,0.67,4,0.4949,0.9961,0.6606,7867,473,2,442,915,8340,444,8784,0.0567,0.0045,104.1667,15.1412,0.5169,54,133,6,80,18,2.463
gaussian_naive_bayes,subindices_meteorologia,0.68,4,0.4974,0.9961,0.6628,7871,469,2,442,911,8340,444,8784,0.0562,0.0045,103.7113,15.1412,0.5148,54,133,6,79,18,2.463
gaussian_naive_bayes,subindices_meteorologia,0.6900000000000001,4,0.4979,0.9961,0.6633,7872,468,2,442,910,8340,444,8784,0.0561,0.0045,103.5974,15.255,0.5143,54,134,6,79,18,2.4815
gaussian_naive_bayes,subindices_meteorologia,0.7000000000000001,4,0.5015,0.9961,0.6664,7877,463,2,442,905,8340,444,8784,0.0555,0.0045,103.0282,15.1412,0.5116,54,133,6,79,18,2.463
gaussian_naive_bayes,subindices_meteorologia,0.71,4,0.5024,0.9961,0.6672,7879,461,2,442,903,8340,444,8784,0.0553,0.0045,102.8005,15.1412,0.5105,54,133,6,78,18,2.463
gaussian_naive_bayes,subindices_meteorologia,0.72,4,0.5041,0.9961,0.6688,7882,458,2,442,900,8340,444,8784,0.0549,0.0045,102.459,15.1412,0.5089,54,133,6,78,18,2.463
gaussian_naive_bayes,subindices_meteorologia,0.73,4,0.5041,0.9961,0.6688,7882,458,2,442,900,8340,444,8784,0.0549,0.0045,102.459,15.1412,0.5089,54,133,6,78,18,2.463
gaussian_naive_bayes,subindices_meteorologia,0.74,4,0.5046,0.9961,0.6693,7883,457,2,442,899,8340,444,8784,0.0548,0.0045,102.3452,15.1412,0.5083,54,133,6,78,18,2.463
gaussian_naive_bayes,subindices_meteorologia,0.75,4,0.5065,0.9961,0.6709,7887,453,2,442,895,8340,444,8784,0.0543,0.0045,101.8898,15.1412,0.5061,54,133,6,78,18,2.463
gaussian_naive_bayes,subindices_meteorologia,0.76,4,0.5071,0.9961,0.6715,7889,451,2,442,893,8340,444,8784,0.0541,0.0045,101.6621,15.1412,0.505,54,133,6,77,18,2.463
gaussian_naive_bayes,subindices_meteorologia,0.77,4,0.5077,0.9961,0.6721,7891,449,2,442,891,8340,444,8784,0.0538,0.0045,101.4344,15.1412,0.5039,54,133,6,77,18,2.463
gaussian_naive_bayes,subindices_meteorologia,0.78,4,0.5093,0.9961,0.6735,7895,445,2,442,887,8340,444,8784,0.0534,0.0045,100.9791,15.0273,0.5017,54,132,6,76,18,2.4444
gaussian_naive_bayes,subindices_meteorologia,0.79,4,0.5116,0.9961,0.6755,7898,442,2,442,884,8340,444,8784,0.053,0.0045,100.6375,15.0273,0.5,54,132,6,76,18,2.4444
gaussian_naive_bayes,subindices_meteorologia,0.8,4,0.5151,0.9961,0.6783,7901,439,2,442,881,8340,444,8784,0.0526,0.0045,100.296,15.0273,0.4983,54,132,6,76,18,2.4444
gaussian_naive_bayes,subindices_meteorologia,0.81,4,0.5157,0.9961,0.6789,7902,438,2,442,880,8340,444,8784,0.0525,0.0045,100.1821,15.0273,0.4977,54,132,6,76,18,2.4444
gaussian_naive_bayes,subindices_meteorologia,0.8200000000000001,4,0.5166,0.9961,0.6797,7904,436,2,442,878,8340,444,8784,0.0523,0.0045,99.9545,15.0273,0.4966,54,132,6,76,18,2.4444
gaussian_naive_bayes,subindices_meteorologia,0.8300000000000001,4,0.5187,0.9961,0.6814,7906,434,2,442,876,8340,444,8784,0.052,0.0045,99.7268,14.9135,0.4954,54,131,6,76,18,2.4259
gaussian_naive_bayes,subindices_meteorologia,0.84,4,0.5221,0.9961,0.6843,7911,429,2,442,871,8340,444,8784,0.0514,0.0045,99.1576,14.7996,0.4925,54,130,6,75,18,2.4074
gaussian_naive_bayes,subindices_meteorologia,0.85,4,0.5224,0.9961,0.6846,7912,428,2,442,870,8340,444,8784,0.0513,0.0045,99.0437,14.7996,0.492,54,130,6,75,18,2.4074
gaussian_naive_bayes,subindices_meteorologia,0.86,4,0.524,0.9961,0.686,7915,425,2,442,867,8340,444,8784,0.051,0.0045,98.7022,14.7996,0.4902,54,130,6,75,18,2.4074
gaussian_naive_bayes,subindices_meteorologia,0.87,4,0.529,0.9961,0.6903,7923,417,2,442,859,8340,444,8784,0.05,0.0045,97.7914,14.7996,0.4854,54,130,6,75,18,2.4074
gaussian_naive_bayes,subindices_meteorologia,0.88,4,0.532,0.9961,0.6929,7929,411,2,442,853,8340,444,8784,0.0493,0.0045,97.1084,14.7996,0.4818,54,130,6,74,18,2.4074
gaussian_naive_bayes,subindices_meteorologia,0.89,4,0.5349,0.9961,0.6953,7933,407,2,442,849,8340,444,8784,0.0488,0.0045,96.653,14.7996,0.4794,54,130,6,73,18,2.4074
gaussian_naive_bayes,subindices_meteorologia,0.9,4,0.5369,0.9961,0.6971,7937,403,2,442,845,8340,444,8784,0.0483,0.0045,96.1976,14.6858,0.4769,54,129,6,72,18,2.3889
gaussian_naive_bayes,subindices_meteorologia,0.91,4,0.5405,0.9961,0.7001,7945,395,2,442,837,8340,444,8784,0.0474,0.0045,95.2869,14.5719,0.4719,54,128,6,71,17,2.3704
gaussian_naive_bayes,subindices_meteorologia,0.92,4,0.5463,0.9961,0.705,7954,386,2,442,828,8340,444,8784,0.0463,0.0045,94.2623,14.5719,0.4662,54,128,6,70,16,2.3704
gaussian_naive_bayes,subindices_meteorologia,0.93,4,0.5477,0.9961,0.7062,7957,383,2,442,825,8340,444,8784,0.0459,0.0045,93.9208,14.5719,0.4642,54,128,6,70,16,2.3704
gaussian_naive_bayes,subindices_meteorologia,0.9400000000000001,4,0.5551,0.9961,0.7124,7969,371,2,442,813,8340,444,8784,0.0445,0.0045,92.5546,14.5719,0.4563,54,128,6,68,16,2.3704
gaussian_naive_bayes,subindices_meteorologia,0.9500000000000001,4,0.5622,0.9961,0.7181,7978,362,2,442,804,8340,444,8784,0.0434,0.0045,91.5301,14.4581,0.4502,54,127,6,68,15,2.3519
gaussian_naive_bayes,subindices_meteorologia,0.96,4,0.5691,0.9961,0.7239,7989,351,2,442,793,8340,444,8784,0.0421,0.0045,90.2778,14.4581,0.4426,54,127,6,68,15,2.3519
gaussian_naive_bayes,subindices_meteorologia,0.97,4,0.5892,0.9961,0.7396,8011,329,2,442,771,8340,444,8784,0.0394,0.0045,87.7732,14.0027,0.4267,54,123,6,67,12,2.2778
gaussian_naive_bayes,subindices_meteorologia,0.98,4,0.6038,0.9961,0.7511,8029,311,2,442,753,8340,444,8784,0.0373,0.0045,85.724,13.8889,0.413,54,122,6,66,12,2.2593
gaussian_naive_bayes,subindices_meteorologia,0.99,4,0.6253,0.987,0.7642,8054,286,4,440,726,8340,444,8784,0.0343,0.009,82.6503,13.6612,0.3939,54,120,7,65,11,2.2222
gaussian_naive_bayes,subindices_meteorologia,1.0,4,0.9167,0.3295,0.4798,8326,14,287,157,171,8340,444,8784,0.0017,0.6464,19.4672,4.7814,0.0819,54,42,3,19,0,0.7778
gaussian_naive_bayes,subindices_sem_iqar_meteorologia,0.0,4,0.0505,1.0,0.0955,0,8340,0,444,8784,8340,444,8784,1.0,0.0,1000.0,0.1138,0.9495,54,1,1,168,0,0.0185
gaussian_naive_bayes,subindices_sem_iqar_meteorologia,0.01,4,0.2986,0.9985,0.4595,7298,1042,1,443,1485,8340,444,8784,0.1249,0.0023,169.0574,22.0856,0.7017,54,194,8,103,28,3.5926
gaussian_naive_bayes,subindices_sem_iqar_meteorologia,0.02,4,0.3337,0.9985,0.5,7441,899,1,443,1342,8340,444,8784,0.1078,0.0023,152.7778,20.6056,0.6699,54,181,8,100,29,3.3519
gaussian_naive_bayes,subindices_sem_iqar_meteorologia,0.03,4,0.3523,0.9985,0.5205,7503,837,1,443,1280,8340,444,8784,0.1004,0.0023,145.7195,19.6949,0.6539,54,173,7,98,27,3.2037
gaussian_naive_bayes,subindices_sem_iqar_meteorologia,0.04,4,0.3703,0.9985,0.5397,7554,786,1,443,1229,8340,444,8784,0.0942,0.0023,139.9135,19.0118,0.6395,54,167,8,97,27,3.0926
gaussian_naive_bayes,subindices_sem_iqar_meteorologia,0.05,4,0.3842,0.9985,0.5544,7596,744,1,443,1187,8340,444,8784,0.0892,0.0023,135.1321,18.3288,0.6268,54,161,7,95,25,2.9815
gaussian_naive_bayes,subindices_sem_iqar_meteorologia,0.06,4,0.3949,0.9985,0.5653,7622,718,1,443,1161,8340,444,8784,0.0861,0.0023,132.1721,17.9872,0.6184,54,158,7,95,25,2.9259
gaussian_naive_bayes,subindices_sem_iqar_meteorologia,0.07,4,0.4004,0.9985,0.5708,7637,703,1,443,1146,8340,444,8784,0.0843,0.0023,130.4645,17.5319,0.6134,54,154,7,95,24,2.8519
gaussian_naive_bayes,subindices_sem_iqar_meteorologia,0.08,4,0.4042,0.9985,0.5745,7644,696,1,443,1139,8340,444,8784,0.0835,0.0023,129.6676,17.418,0.6111,54,153,7,95,23,2.8333
gaussian_naive_bayes,subindices_sem_iqar_meteorologia,0.09,4,0.4101,0.9985,0.5805,7661,679,1,443,1122,8340,444,8784,0.0814,0.0023,127.7322,17.418,0.6052,54,153,7,93,23,2.8333
gaussian_naive_bayes,subindices_sem_iqar_meteorologia,0.1,4,0.4145,0.9985,0.5849,7673,667,1,443,1110,8340,444,8784,0.08,0.0023,126.3661,17.418,0.6009,54,153,7,93,22,2.8333
gaussian_naive_bayes,subindices_sem_iqar_meteorologia,0.11,4,0.4221,0.9971,0.5921,7691,649,2,442,1091,8340,444,8784,0.0778,0.0045,124.2031,17.3042,0.5949,54,152,7,93,22,2.8148
gaussian_naive_bayes,subindices_sem_iqar_meteorologia,0.12,4,0.4235,0.9971,0.5936,7696,644,2,442,1086,8340,444,8784,0.0772,0.0045,123.6339,17.3042,0.593,54,152,7,93,22,2.8148
gaussian_naive_bayes,subindices_sem_iqar_meteorologia,0.13,4,0.4327,0.9971,0.6023,7714,626,2,442,1068,8340,444,8784,0.0751,0.0045,121.5847,17.0765,0.5861,54,150,7,93,21,2.7778
gaussian_naive_bayes,subindices_sem_iqar_meteorologia,0.14,4,0.436,0.9971,0.6055,7721,619,2,442,1061,8340,444,8784,0.0742,0.0045,120.7878,17.0765,0.5834,54,150,7,93,21,2.7778
gaussian_naive_bayes,subindices_sem_iqar_meteorologia,0.15,4,0.4407,0.9971,0.6099,7730,610,2,442,1052,8340,444,8784,0.0731,0.0045,119.7632,16.9627,0.5798,54,149,7,93,21,2.7593
gaussian_naive_bayes,subindices_sem_iqar_meteorologia,0.16,4,0.4434,0.9971,0.6125,7738,602,2,442,1044,8340,444,8784,0.0722,0.0045,118.8525,16.9627,0.5766,54,149,7,93,21,2.7593
gaussian_naive_bayes,subindices_sem_iqar_meteorologia,0.17,4,0.447,0.9971,0.616,7747,593,2,442,1035,8340,444,8784,0.0711,0.0045,117.8279,16.9627,0.5729,54,149,7,92,21,2.7593
gaussian_naive_bayes,subindices_sem_iqar_meteorologia,0.18,4,0.4514,0.9971,0.6202,7756,584,2,442,1026,8340,444,8784,0.07,0.0045,116.8033,17.0765,0.5692,54,150,7,92,21,2.7778
gaussian_naive_bayes,subindices_sem_iqar_meteorologia,0.19,4,0.4552,0.9971,0.6236,7762,578,2,442,1020,8340,444,8784,0.0693,0.0045,116.1202,17.0765,0.5667,54,150,7,92,21,2.7778
gaussian_naive_bayes,subindices_sem_iqar_meteorologia,0.2,4,0.4577,0.9971,0.6261,7770,570,2,442,1012,8340,444,8784,0.0683,0.0045,115.2095,17.0765,0.5632,54,150,7,91,21,2.7778
gaussian_naive_bayes,subindices_sem_iqar_meteorologia,0.21,4,0.4607,0.9971,0.6288,7775,565,2,442,1007,8340,444,8784,0.0677,0.0045,114.6403,17.0765,0.5611,54,150,7,91,21,2.7778
gaussian_naive_bayes,subindices_sem_iqar_meteorologia,0.22,4,0.4642,0.9971,0.6319,7779,561,2,442,1003,8340,444,8784,0.0673,0.0045,114.1849,16.9627,0.5593,54,149,7,91,21,2.7593
gaussian_naive_bayes,subindices_sem_iqar_meteorologia,0.23,4,0.4664,0.9971,0.634,7784,556,2,442,998,8340,444,8784,0.0667,0.0045,113.6157,16.8488,0.5571,54,148,7,91,21,2.7407
gaussian_naive_bayes,subindices_sem_iqar_meteorologia,0.24,4,0.4692,0.9971,0.6366,7792,548,2,442,990,8340,444,8784,0.0657,0.0045,112.7049,16.735,0.5535,54,147,7,90,21,2.7222
gaussian_naive_bayes,subindices_sem_iqar_meteorologia,0.25,4,0.4734,0.9971,0.6403,7797,543,2,442,985,8340,444,8784,0.0651,0.0045,112.1357,16.6211,0.5513,54,146,6,90,21,2.7037
gaussian_naive_bayes,subindices_sem_iqar_meteorologia,0.26,4,0.4752,0.9971,0.642,7801,539,2,442,981,8340,444,8784,0.0646,0.0045,111.6803,16.6211,0.5494,54,146,6,90,21,2.7037
gaussian_naive_bayes,subindices_sem_iqar_meteorologia,0.27,4,0.4778,0.9971,0.6443,7805,535,2,442,977,8340,444,8784,0.0641,0.0045,111.225,16.6211,0.5476,54,146,6,90,21,2.7037
gaussian_naive_bayes,subindices_sem_iqar_meteorologia,0.28,4,0.4804,0.9971,0.6467,7810,530,2,442,972,8340,444,8784,0.0635,0.0045,110.6557,16.6211,0.5453,54,146,6,90,21,2.7037
gaussian_naive_bayes,subindices_sem_iqar_meteorologia,0.29,4,0.4847,0.9971,0.6505,7818,522,2,442,964,8340,444,8784,0.0626,0.0045,109.745,16.6211,0.5415,54,146,6,90,21,2.7037
gaussian_naive_bayes,subindices_sem_iqar_meteorologia,0.3,4,0.4883,0.9971,0.6537,7824,516,2,442,958,8340,444,8784,0.0619,0.0045,109.0619,16.5073,0.5386,54,145,6,90,21,2.6852
gaussian_naive_bayes,subindices_sem_iqar_meteorologia,0.31,4,0.4894,0.9971,0.6546,7827,513,2,442,955,8340,444,8784,0.0615,0.0045,108.7204,16.5073,0.5372,54,145,6,89,21,2.6852
gaussian_naive_bayes,subindices_sem_iqar_meteorologia,0.32,4,0.4936,0.9971,0.6584,7834,506,2,442,948,8340,444,8784,0.0607,0.0045,107.9235,16.3934,0.5338,54,144,6,89,21,2.6667
gaussian_naive_bayes,subindices_sem_iqar_meteorologia,0.33,4,0.4964,0.9971,0.6608,7839,501,2,442,943,8340,444,8784,0.0601,0.0045,107.3543,16.2796,0.5313,54,143,6,86,21,2.6481
gaussian_naive_bayes,subindices_sem_iqar_meteorologia,0.34,4,0.5007,0.9971,0.6647,7848,492,2,442,934,8340,444,8784,0.059,0.0045,106.3297,16.2796,0.5268,54,143,7,86,21,2.6481
gaussian_naive_bayes,subindices_sem_iqar_meteorologia,0.35000000000000003,4,0.5034,0.9971,0.667,7854,486,2,442,928,8340,444,8784,0.0583,0.0045,105.6466,16.2796,0.5237,54,143,7,86,21,2.6481
gaussian_naive_bayes,subindices_sem_iqar_meteorologia,0.36,4,0.5047,0.9971,0.6683,7858,482,2,442,924,8340,444,8784,0.0578,0.0045,105.1913,16.2796,0.5216,54,143,7,86,21,2.6481
gaussian_naive_bayes,subindices_sem_iqar_meteorologia,0.37,4,0.5061,0.9971,0.6696,7861,479,2,442,921,8340,444,8784,0.0574,0.0045,104.8497,16.2796,0.5201,54,143,7,86,21,2.6481
gaussian_naive_bayes,subindices_sem_iqar_meteorologia,0.38,4,0.5106,0.9971,0.6735,7868,472,2,442,914,8340,444,8784,0.0566,0.0045,104.0528,16.2796,0.5164,54,143,7,85,21,2.6481
gaussian_naive_bayes,subindices_sem_iqar_meteorologia,0.39,4,0.5121,0.9947,0.6743,7872,468,3,441,909,8340,444,8784,0.0561,0.0068,103.4836,16.2796,0.5149,54,143,7,85,21,2.6481
gaussian_naive_bayes,subindices_sem_iqar_meteorologia,0.4,4,0.5127,0.9947,0.6748,7874,466,3,441,907,8340,444,8784,0.0559,0.0068,103.2559,16.3934,0.5138,54,144,7,85,21,2.6667
gaussian_naive_bayes,subindices_sem_iqar_meteorologia,0.41000000000000003,4,0.5139,0.9947,0.6759,7876,464,3,441,905,8340,444,8784,0.0556,0.0068,103.0282,16.2796,0.5127,54,143,7,85,21,2.6481
gaussian_naive_bayes,subindices_sem_iqar_meteorologia,0.42,4,0.5165,0.9947,0.6781,7880,460,3,441,901,8340,444,8784,0.0552,0.0068,102.5729,16.2796,0.5105,54,143,7,85,21,2.6481
gaussian_naive_bayes,subindices_sem_iqar_meteorologia,0.43,4,0.5212,0.9947,0.6821,7887,453,3,441,894,8340,444,8784,0.0543,0.0068,101.776,16.2796,0.5067,54,143,7,85,21,2.6481
gaussian_naive_bayes,subindices_sem_iqar_meteorologia,0.44,4,0.5228,0.9947,0.6835,7890,450,3,441,891,8340,444,8784,0.054,0.0068,101.4344,16.1658,0.5051,54,142,7,85,21,2.6296
gaussian_naive_bayes,subindices_sem_iqar_meteorologia,0.45,4,0.5279,0.9947,0.6878,7898,442,3,441,883,8340,444,8784,0.053,0.0068,100.5237,16.1658,0.5006,54,142,7,85,21,2.6296
gaussian_naive_bayes,subindices_sem_iqar_meteorologia,0.46,4,0.5303,0.9947,0.69,7904,436,3,441,877,8340,444,8784,0.0523,0.0068,99.8406,16.0519,0.4971,54,141,6,85,21,2.6111
gaussian_naive_bayes,subindices_sem_iqar_meteorologia,0.47000000000000003,4,0.5305,0.9925,0.6896,7905,435,4,440,875,8340,444,8784,0.0522,0.009,99.6129,16.1658,0.4971,54,142,7,85,21,2.6296
gaussian_naive_bayes,subindices_sem_iqar_meteorologia,0.48,4,0.5318,0.9925,0.6907,7908,432,4,440,872,8340,444,8784,0.0518,0.009,99.2714,16.0519,0.4954,54,141,7,85,21,2.6111
gaussian_naive_bayes,subindices_sem_iqar_meteorologia,0.49,4,0.5342,0.9925,0.6927,7912,428,4,440,868,8340,444,8784,0.0513,0.009,98.816,16.0519,0.4931,54,141,7,85,21,2.6111
gaussian_naive_bayes,subindices_sem_iqar_meteorologia,0.5,4,0.5342,0.9925,0.6927,7912,428,4,440,868,8340,444,8784,0.0513,0.009,98.816,16.0519,0.4931,54,141,7,85,21,2.6111
gaussian_naive_bayes,subindices_sem_iqar_meteorologia,0.51,4,0.5359,0.9925,0.6941,7915,425,4,440,865,8340,444,8784,0.051,0.009,98.4745,15.8242,0.4913,54,139,7,85,21,2.5741
gaussian_naive_bayes,subindices_sem_iqar_meteorologia,0.52,4,0.5381,0.9925,0.696,7918,422,4,440,862,8340,444,8784,0.0506,0.009,98.133,15.7104,0.4896,54,138,7,84,20,2.5556
gaussian_naive_bayes,subindices_sem_iqar_meteorologia,0.53,4,0.5405,0.9925,0.6978,7920,420,4,440,860,8340,444,8784,0.0504,0.009,97.9053,15.7104,0.4884,54,138,7,84,20,2.5556
gaussian_naive_bayes,subindices_sem_iqar_meteorologia,0.54,4,0.5419,0.9925,0.699,7922,418,4,440,858,8340,444,8784,0.0501,0.009,97.6776,15.7104,0.4872,54,138,7,84,20,2.5556
gaussian_naive_bayes,subindices_sem_iqar_meteorologia,0.55,4,0.5469,0.9925,0.703,7928,412,4,440,852,8340,444,8784,0.0494,0.009,96.9945,15.5965,0.4836,54,137,7,84,19,2.537
gaussian_naive_bayes,subindices_sem_iqar_meteorologia,0.56,4,0.5472,0.9925,0.7033,7929,411,4,440,851,8340,444,8784,0.0493,0.009,96.8807,15.5965,0.483,54,137,7,84,19,2.537
gaussian_naive_bayes,subindices_sem_iqar_meteorologia,0.5700000000000001,4,0.5483,0.9925,0.7042,7931,409,4,440,849,8340,444,8784,0.049,0.009,96.653,15.5965,0.4817,54,137,7,84,19,2.537
gaussian_naive_bayes,subindices_sem_iqar_meteorologia,0.58,4,0.551,0.9925,0.7064,7934,406,4,440,846,8340,444,8784,0.0487,0.009,96.3115,15.5965,0.4799,54,137,7,83,19,2.537
gaussian_naive_bayes,subindices_sem_iqar_meteorologia,0.59,4,0.5539,0.9925,0.7087,7939,401,4,440,841,8340,444,8784,0.0481,0.009,95.7423,15.3689,0.4768,54,135,7,83,18,2.5
gaussian_naive_bayes,subindices_sem_iqar_meteorologia,0.6,4,0.5589,0.9925,0.7127,7943,397,4,440,837,8340,444,8784,0.0476,0.009,95.2869,15.4827,0.4743,54,136,7,83,18,2.5185
gaussian_naive_bayes,subindices_sem_iqar_meteorologia,0.61,4,0.5612,0.9925,0.7145,7946,394,4,440,834,8340,444,8784,0.0472,0.009,94.9454,15.4827,0.4724,54,136,7,83,18,2.5185
gaussian_naive_bayes,subindices_sem_iqar_meteorologia,0.62,4,0.5633,0.99,0.7156,7950,390,5,439,829,8340,444,8784,0.0468,0.0113,94.3761,15.3689,0.4704,54,135,7,83,18,2.5
gaussian_naive_bayes,subindices_sem_iqar_meteorologia,0.63,4,0.5656,0.99,0.7174,7954,386,5,439,825,8340,444,8784,0.0463,0.0113,93.9208,15.255,0.4679,54,134,7,83,17,2.4815
gaussian_naive_bayes,subindices_sem_iqar_meteorologia,0.64,4,0.5667,0.99,0.7183,7956,384,5,439,823,8340,444,8784,0.046,0.0113,93.6931,15.255,0.4666,54,134,7,83,17,2.4815
gaussian_naive_bayes,subindices_sem_iqar_meteorologia,0.65,4,0.567,0.99,0.7186,7957,383,5,439,822,8340,444,8784,0.0459,0.0113,93.5792,15.255,0.4659,54,134,7,83,17,2.4815
gaussian_naive_bayes,subindices_sem_iqar_meteorologia,0.66,4,0.5708,0.99,0.7215,7961,379,5,439,818,8340,444,8784,0.0454,0.0113,93.1239,15.255,0.4633,54,134,7,83,17,2.4815
gaussian_naive_bayes,subindices_sem_iqar_meteorologia,0.67,4,0.5762,0.99,0.7258,7967,373,5,439,812,8340,444,8784,0.0447,0.0113,92.4408,15.1412,0.4594,54,133,7,83,16,2.463
gaussian_naive_bayes,subindices_sem_iqar_meteorologia,0.68,4,0.5785,0.99,0.7277,7971,369,5,439,808,8340,444,8784,0.0442,0.0113,91.9854,15.0273,0.4567,54,132,7,83,16,2.4444
gaussian_naive_bayes,subindices_sem_iqar_meteorologia,0.6900000000000001,4,0.5799,0.99,0.7289,7974,366,5,439,805,8340,444,8784,0.0439,0.0113,91.6439,15.1412,0.4547,54,133,7,83,16,2.463
gaussian_naive_bayes,subindices_sem_iqar_meteorologia,0.7000000000000001,4,0.5863,0.9886,0.7332,7978,362,6,438,800,8340,444,8784,0.0434,0.0135,91.0747,15.1412,0.4525,54,133,7,83,16,2.463
gaussian_naive_bayes,subindices_sem_iqar_meteorologia,0.71,4,0.589,0.9862,0.7345,7981,359,7,437,796,8340,444,8784,0.043,0.0158,90.6193,15.1412,0.451,54,133,7,82,16,2.463
gaussian_naive_bayes,subindices_sem_iqar_meteorologia,0.72,4,0.5935,0.9862,0.7379,7986,354,7,437,791,8340,444,8784,0.0424,0.0158,90.0501,15.1412,0.4475,54,133,7,81,16,2.463
gaussian_naive_bayes,subindices_sem_iqar_meteorologia,0.73,4,0.595,0.9862,0.7392,7989,351,7,437,788,8340,444,8784,0.0421,0.0158,89.7086,15.1412,0.4454,54,133,7,81,16,2.463
gaussian_naive_bayes,subindices_sem_iqar_meteorologia,0.74,4,0.599,0.9862,0.7423,7994,346,7,437,783,8340,444,8784,0.0415,0.0158,89.1393,15.255,0.4419,54,134,7,80,16,2.4815
gaussian_naive_bayes,subindices_sem_iqar_meteorologia,0.75,4,0.6002,0.9862,0.7433,7996,344,7,437,781,8340,444,8784,0.0412,0.0158,88.9117,15.1412,0.4405,54,133,7,80,16,2.463
gaussian_naive_bayes,subindices_sem_iqar_meteorologia,0.76,4,0.6024,0.9862,0.7449,7999,341,7,437,778,8340,444,8784,0.0409,0.0158,88.5701,15.1412,0.4383,54,133,7,80,16,2.463
gaussian_naive_bayes,subindices_sem_iqar_meteorologia,0.77,4,0.6061,0.9862,0.7479,8005,335,7,437,772,8340,444,8784,0.0402,0.0158,87.8871,15.0273,0.4339,54,132,7,80,16,2.4444
gaussian_naive_bayes,subindices_sem_iqar_meteorologia,0.78,4,0.6068,0.9862,0.7485,8007,333,7,437,770,8340,444,8784,0.0399,0.0158,87.6594,15.0273,0.4325,54,132,7,79,16,2.4444
gaussian_naive_bayes,subindices_sem_iqar_meteorologia,0.79,4,0.6093,0.9862,0.7505,8011,329,7,437,766,8340,444,8784,0.0394,0.0158,87.204,14.7996,0.4295,54,130,7,79,16,2.4074
gaussian_naive_bayes,subindices_sem_iqar_meteorologia,0.8,4,0.6146,0.9862,0.7543,8015,325,7,437,762,8340,444,8784,0.039,0.0158,86.7486,14.6858,0.4265,54,129,7,78,16,2.3889
gaussian_naive_bayes,subindices_sem_iqar_meteorologia,0.81,4,0.6237,0.9815,0.7594,8024,316,9,435,751,8340,444,8784,0.0379,0.0203,85.4964,14.4581,0.4208,54,127,7,78,14,2.3519
gaussian_naive_bayes,subindices_sem_iqar_meteorologia,0.8200000000000001,4,0.6326,0.9815,0.7657,8032,308,9,435,743,8340,444,8784,0.0369,0.0203,84.5856,14.4581,0.4145,54,127,7,77,14,2.3519
gaussian_naive_bayes,subindices_sem_iqar_meteorologia,0.8300000000000001,4,0.6347,0.9815,0.7672,8034,306,9,435,741,8340,444,8784,0.0367,0.0203,84.3579,14.4581,0.413,54,127,7,77,14,2.3519
gaussian_naive_bayes,subindices_sem_iqar_meteorologia,0.84,4,0.6404,0.9815,0.7714,8041,299,9,435,734,8340,444,8784,0.0359,0.0203,83.561,14.2304,0.4074,54,125,7,77,13,2.3148
gaussian_naive_bayes,subindices_sem_iqar_meteorologia,0.85,4,0.6455,0.9815,0.7751,8047,293,9,435,728,8340,444,8784,0.0351,0.0203,82.878,14.1166,0.4025,54,124,7,76,13,2.2963
gaussian_naive_bayes,subindices_sem_iqar_meteorologia,0.86,4,0.6547,0.977,0.7798,8056,284,10,434,718,8340,444,8784,0.0341,0.0225,81.7395,14.2304,0.3955,54,125,8,76,13,2.3148
gaussian_naive_bayes,subindices_sem_iqar_meteorologia,0.87,4,0.6575,0.9721,0.7803,8061,279,12,432,711,8340,444,8784,0.0335,0.027,80.9426,14.0027,0.3924,54,123,8,76,12,2.2778
gaussian_naive_bayes,subindices_sem_iqar_meteorologia,0.88,4,0.6596,0.9654,0.7794,8066,274,14,430,704,8340,444,8784,0.0329,0.0315,80.1457,14.0027,0.3892,54,123,8,75,12,2.2778
gaussian_naive_bayes,subindices_sem_iqar_meteorologia,0.89,4,0.6637,0.9654,0.7824,8071,269,14,430,699,8340,444,8784,0.0323,0.0315,79.5765,13.8889,0.3848,54,122,8,75,11,2.2593
gaussian_naive_bayes,subindices_sem_iqar_meteorologia,0.9,4,0.671,0.9584,0.7847,8078,262,17,427,689,8340,444,8784,0.0314,0.0383,78.4381,13.6612,0.3803,54,120,6,75,11,2.2222
gaussian_naive_bayes,subindices_sem_iqar_meteorologia,0.91,4,0.6736,0.954,0.7851,8083,257,19,425,682,8340,444,8784,0.0308,0.0428,77.6412,13.5474,0.3768,54,119,6,74,11,2.2037
gaussian_naive_bayes,subindices_sem_iqar_meteorologia,0.92,4,0.6761,0.9472,0.7842,8086,254,21,423,677,8340,444,8784,0.0305,0.0473,77.0719,13.3197,0.3752,54,117,6,74,11,2.1667
gaussian_naive_bayes,subindices_sem_iqar_meteorologia,0.93,4,0.691,0.9427,0.7919,8099,241,22,422,663,8340,444,8784,0.0289,0.0495,75.4781,13.3197,0.3635,54,117,6,73,11,2.1667
gaussian_naive_bayes,subindices_sem_iqar_meteorologia,0.9400000000000001,4,0.7008,0.9343,0.7954,8112,228,25,419,647,8340,444,8784,0.0273,0.0563,73.6566,13.092,0.3524,54,115,6,72,11,2.1296
gaussian_naive_bayes,subindices_sem_iqar_meteorologia,0.9500000000000001,4,0.7071,0.9258,0.7965,8122,218,28,416,634,8340,444,8784,0.0261,0.0631,72.1767,13.092,0.3438,54,115,6,70,11,2.1296
gaussian_naive_bayes,subindices_sem_iqar_meteorologia,0.96,4,0.707,0.9082,0.7895,8126,214,35,409,623,8340,444,8784,0.0257,0.0788,70.9244,12.9781,0.3435,54,114,6,69,10,2.1111
gaussian_naive_bayes,subindices_sem_iqar_meteorologia,0.97,4,0.7127,0.89,0.7853,8134,206,42,402,608,8340,444,8784,0.0247,0.0946,69.2168,12.7505,0.3388,54,112,6,68,10,2.0741
gaussian_naive_bayes,subindices_sem_iqar_meteorologia,0.98,4,0.7257,0.8469,0.7735,8152,188,57,387,575,8340,444,8784,0.0225,0.1284,65.4599,12.6366,0.327,54,111,6,66,10,2.0556
gaussian_naive_bayes,subindices_sem_iqar_meteorologia,0.99,4,0.7496,0.8024,0.7643,8175,165,73,371,536,8340,444,8784,0.0198,0.1644,61.02,11.612,0.3078,54,102,5,62,10,1.8889
gaussian_naive_bayes,subindices_sem_iqar_meteorologia,1.0,4,0.7917,0.1325,0.225,8329,11,384,60,71,8340,444,8784,0.0013,0.8649,8.0829,2.8461,0.1549,54,25,2,12,0,0.463
