fold,modelo,grupo_features,n_treino,n_validacao,positivos_validacao,precisao_classe_0,recall_classe_0,f1_classe_0,suporte_classe_0,precisao_classe_1,recall_classe_1,f1_classe_1,suporte_classe_1,f1_macro,tn,fp,fn,tp
2024-Q1,gaussian_naive_bayes,subindices_meteorologia,12337,2184,114,1.0,0.942512077294686,0.9704053717980602,2070,0.4892703862660944,1.0,0.6570605187319885,114,0.8137329452650244,1951,119,0,114
2024-Q1,gaussian_naive_bayes,poluentes_subindices_meteorologia,12337,2184,114,1.0,0.936231884057971,0.9670658682634731,2070,0.4634146341463415,1.0,0.6333333333333333,114,0.8001996007984031,1938,132,0,114
2024-Q1,gaussian_naive_bayes,subindices_sem_iqar_meteorologia,12337,2184,114,0.9994969818913481,0.9599033816425121,0.9793001478560868,2070,0.576530612244898,0.9912280701754386,0.7290322580645161,114,0.8541662029603014,1987,83,1,113
2024-Q1,gaussian_naive_bayes,poluentes_subindices_sem_iqar_meteorologia,12337,2184,114,1.0,0.9410628019323671,0.9696366351418616,2070,0.4830508474576271,1.0,0.6514285714285715,114,0.8105326032852165,1948,122,0,114
2024-Q2,gaussian_naive_bayes,subindices_meteorologia,14521,2184,55,1.0,0.9751056834194457,0.9873959571938169,2129,0.5092592592592593,1.0,0.6748466257668712,55,0.8311212914803441,2076,53,0,55
2024-Q2,gaussian_naive_bayes,poluentes_subindices_meteorologia,14521,2184,55,1.0,0.9708783466416158,0.9852240228789323,2129,0.4700854700854701,1.0,0.6395348837209303,55,0.8123794532999313,2067,62,0,55
2024-Q2,gaussian_naive_bayes,subindices_sem_iqar_meteorologia,14521,2184,55,1.0,0.982151244715829,0.9909952606635071,2129,0.5913978494623656,1.0,0.7432432432432432,55,0.8671192519533751,2091,38,0,55
2024-Q2,gaussian_naive_bayes,poluentes_subindices_sem_iqar_meteorologia,14521,2184,55,1.0,0.9713480507280413,0.985465808911127,2129,0.47413793103448276,1.0,0.6432748538011696,55,0.8143703313561483,2068,61,0,55
2024-Q3,gaussian_naive_bayes,subindices_meteorologia,16705,2208,172,0.9994484280198566,0.8899803536345776,0.9415432579890881,2036,0.43291139240506327,0.9941860465116279,0.6031746031746031,172,0.7723589305818457,1812,224,1,171
2024-Q3,gaussian_naive_bayes,poluentes_subindices_meteorologia,16705,2208,172,0.9994372537985369,0.8722986247544204,0.9315499606608969,2036,0.39675174013921116,0.9941860465116279,0.5671641791044776,172,0.7493570698826872,1776,260,1,171
2024-Q3,gaussian_naive_bayes,subindices_sem_iqar_meteorologia,16705,2208,172,0.9989023051591658,0.8939096267190569,0.9434940383618455,2036,0.44041450777202074,0.9883720930232558,0.6093189964157706,172,0.7764065173888081,1820,216,2,170
2024-Q3,gaussian_naive_bayes,poluentes_subindices_sem_iqar_meteorologia,16705,2208,172,0.9982944855031268,0.862475442043222,0.9254281949934123,2036,0.37639198218262804,0.9825581395348837,0.5442834138486312,172,0.7348558044210218,1756,280,3,169
2024-Q4,gaussian_naive_bayes,subindices_meteorologia,18913,2208,46,1.0,0.9629972247918593,0.9811498586239397,2162,0.36507936507936506,1.0,0.5348837209302325,46,0.7580167897770861,2082,80,0,46
2024-Q4,gaussian_naive_bayes,poluentes_subindices_meteorologia,18913,2208,46,1.0,0.9616096207215541,0.9804291440697949,2162,0.35658914728682173,1.0,0.5257142857142857,46,0.7530717148920403,2079,83,0,46
2024-Q4,gaussian_naive_bayes,subindices_sem_iqar_meteorologia,18913,2208,46,1.0,0.9699352451433858,0.9847382014557408,2162,0.4144144144144144,1.0,0.5859872611464968,46,0.7853627313011188,2097,65,0,46
2024-Q4,gaussian_naive_bayes,poluentes_subindices_sem_iqar_meteorologia,18913,2208,46,1.0,0.9634597594819612,0.9813898704358068,2162,0.368,1.0,0.5380116959064327,46,0.7597007831711198,2083,79,0,46
