fold,modelo,grupo_features,periodo,n_validacao,positivos,falsos_positivos,falsos_negativos,negativos,taxa_falso_positivo,taxa_falso_negativo
2024-Q1,dummy_prior,referencia_independente_de_features,2024-01,744,38,0,38,706,0.0,1.0
2024-Q1,dummy_prior,referencia_independente_de_features,2024-02,696,35,0,35,661,0.0,1.0
2024-Q1,dummy_prior,referencia_independente_de_features,2024-03,744,41,0,41,703,0.0,1.0
2024-Q1,gaussian_naive_bayes,poluentes_brutos_meteorologia,2024-01,744,38,44,13,706,0.06232294617563739,0.34210526315789475
2024-Q1,gaussian_naive_bayes,poluentes_brutos_meteorologia,2024-02,696,35,60,19,661,0.0907715582450832,0.5428571428571428
2024-Q1,gaussian_naive_bayes,poluentes_brutos_meteorologia,2024-03,744,41,54,9,703,0.07681365576102418,0.21951219512195122
2024-Q1,gaussian_naive_bayes,poluentes_subindices_meteorologia,2024-01,744,38,37,0,706,0.05240793201133145,0.0
2024-Q1,gaussian_naive_bayes,poluentes_subindices_meteorologia,2024-02,696,35,61,0,661,0.09228441754916793,0.0
2024-Q1,gaussian_naive_bayes,poluentes_subindices_meteorologia,2024-03,744,41,34,0,703,0.04836415362731152,0.0
2024-Q1,gaussian_naive_bayes,poluentes_subindices_sem_iqar_meteorologia,2024-01,744,38,32,0,706,0.0453257790368272,0.0
2024-Q1,gaussian_naive_bayes,poluentes_subindices_sem_iqar_meteorologia,2024-02,696,35,53,0,661,0.08018154311649017,0.0
2024-Q1,gaussian_naive_bayes,poluentes_subindices_sem_iqar_meteorologia,2024-03,744,41,37,0,703,0.05263157894736842,0.0
2024-Q1,gaussian_naive_bayes,subindices_meteorologia,2024-01,744,38,36,0,706,0.05099150141643059,0.0
2024-Q1,gaussian_naive_bayes,subindices_meteorologia,2024-02,696,35,53,0,661,0.08018154311649017,0.0
2024-Q1,gaussian_naive_bayes,subindices_meteorologia,2024-03,744,41,30,0,703,0.04267425320056899,0.0
2024-Q1,gaussian_naive_bayes,subindices_sem_iqar_meteorologia,2024-01,744,38,25,0,706,0.03541076487252125,0.0
2024-Q1,gaussian_naive_bayes,subindices_sem_iqar_meteorologia,2024-02,696,35,34,1,661,0.05143721633888049,0.02857142857142857
2024-Q1,gaussian_naive_bayes,subindices_sem_iqar_meteorologia,2024-03,744,41,24,0,703,0.034139402560455195,0.0
2024-Q1,persistencia_iqar_atual,referencia_independente_de_features,2024-01,744,38,6,6,706,0.0084985835694051,0.15789473684210525
2024-Q1,persistencia_iqar_atual,referencia_independente_de_features,2024-02,696,35,7,7,661,0.01059001512859304,0.2
2024-Q1,persistencia_iqar_atual,referencia_independente_de_features,2024-03,744,41,7,7,703,0.00995732574679943,0.17073170731707318
2024-Q2,dummy_prior,referencia_independente_de_features,2024-04,720,34,0,34,686,0.0,1.0
2024-Q2,dummy_prior,referencia_independente_de_features,2024-05,744,13,0,13,731,0.0,1.0
2024-Q2,dummy_prior,referencia_independente_de_features,2024-06,720,8,0,8,712,0.0,1.0
2024-Q2,gaussian_naive_bayes,poluentes_brutos_meteorologia,2024-04,720,34,46,13,686,0.06705539358600583,0.38235294117647056
2024-Q2,gaussian_naive_bayes,poluentes_brutos_meteorologia,2024-05,744,13,34,3,731,0.046511627906976744,0.23076923076923078
2024-Q2,gaussian_naive_bayes,poluentes_brutos_meteorologia,2024-06,720,8,0,6,712,0.0,0.75
2024-Q2,gaussian_naive_bayes,poluentes_subindices_meteorologia,2024-04,720,34,34,0,686,0.04956268221574344,0.0
2024-Q2,gaussian_naive_bayes,poluentes_subindices_meteorologia,2024-05,744,13,25,0,731,0.03419972640218878,0.0
2024-Q2,gaussian_naive_bayes,poluentes_subindices_meteorologia,2024-06,720,8,3,0,712,0.004213483146067416,0.0
2024-Q2,gaussian_naive_bayes,poluentes_subindices_sem_iqar_meteorologia,2024-04,720,34,35,0,686,0.05102040816326531,0.0
2024-Q2,gaussian_naive_bayes,poluentes_subindices_sem_iqar_meteorologia,2024-05,744,13,24,0,731,0.03283173734610123,0.0
2024-Q2,gaussian_naive_bayes,poluentes_subindices_sem_iqar_meteorologia,2024-06,720,8,2,0,712,0.0028089887640449437,0.0
2024-Q2,gaussian_naive_bayes,subindices_meteorologia,2024-04,720,34,30,0,686,0.043731778425655975,0.0
2024-Q2,gaussian_naive_bayes,subindices_meteorologia,2024-05,744,13,20,0,731,0.027359781121751026,0.0
2024-Q2,gaussian_naive_bayes,subindices_meteorologia,2024-06,720,8,3,0,712,0.004213483146067416,0.0
2024-Q2,gaussian_naive_bayes,subindices_sem_iqar_meteorologia,2024-04,720,34,22,0,686,0.03206997084548105,0.0
2024-Q2,gaussian_naive_bayes,subindices_sem_iqar_meteorologia,2024-05,744,13,15,0,731,0.02051983584131327,0.0
2024-Q2,gaussian_naive_bayes,subindices_sem_iqar_meteorologia,2024-06,720,8,1,0,712,0.0014044943820224719,0.0
2024-Q2,persistencia_iqar_atual,referencia_independente_de_features,2024-04,720,34,7,7,686,0.01020408163265306,0.20588235294117646
2024-Q2,persistencia_iqar_atual,referencia_independente_de_features,2024-05,744,13,2,2,731,0.0027359781121751026,0.15384615384615385
2024-Q2,persistencia_iqar_atual,referencia_independente_de_features,2024-06,720,8,1,1,712,0.0014044943820224719,0.125
2024-Q3,dummy_prior,referencia_independente_de_features,2024-07,744,42,0,42,702,0.0,1.0
2024-Q3,dummy_prior,referencia_independente_de_features,2024-08,744,38,0,38,706,0.0,1.0
2024-Q3,dummy_prior,referencia_independente_de_features,2024-09,720,92,0,92,628,0.0,1.0
2024-Q3,gaussian_naive_bayes,poluentes_brutos_meteorologia,2024-07,744,42,31,14,702,0.04415954415954416,0.3333333333333333
2024-Q3,gaussian_naive_bayes,poluentes_brutos_meteorologia,2024-08,744,38,62,13,706,0.08781869688385269,0.34210526315789475
2024-Q3,gaussian_naive_bayes,poluentes_brutos_meteorologia,2024-09,720,92,126,12,628,0.20063694267515925,0.13043478260869565
2024-Q3,gaussian_naive_bayes,poluentes_subindices_meteorologia,2024-07,744,42,50,0,702,0.07122507122507123,0.0
2024-Q3,gaussian_naive_bayes,poluentes_subindices_meteorologia,2024-08,744,38,63,1,706,0.08923512747875353,0.02631578947368421
2024-Q3,gaussian_naive_bayes,poluentes_subindices_meteorologia,2024-09,720,92,147,0,628,0.2340764331210191,0.0
2024-Q3,gaussian_naive_bayes,poluentes_subindices_sem_iqar_meteorologia,2024-07,744,42,53,2,702,0.0754985754985755,0.047619047619047616
2024-Q3,gaussian_naive_bayes,poluentes_subindices_sem_iqar_meteorologia,2024-08,744,38,70,1,706,0.09915014164305949,0.02631578947368421
2024-Q3,gaussian_naive_bayes,poluentes_subindices_sem_iqar_meteorologia,2024-09,720,92,157,0,628,0.25,0.0
2024-Q3,gaussian_naive_bayes,subindices_meteorologia,2024-07,744,42,48,1,702,0.06837606837606838,0.023809523809523808
2024-Q3,gaussian_naive_bayes,subindices_meteorologia,2024-08,744,38,43,0,706,0.060906515580736544,0.0
2024-Q3,gaussian_naive_bayes,subindices_meteorologia,2024-09,720,92,133,0,628,0.21178343949044587,0.0
2024-Q3,gaussian_naive_bayes,subindices_sem_iqar_meteorologia,2024-07,744,42,44,1,702,0.06267806267806268,0.023809523809523808
2024-Q3,gaussian_naive_bayes,subindices_sem_iqar_meteorologia,2024-08,744,38,39,1,706,0.05524079320113314,0.02631578947368421
2024-Q3,gaussian_naive_bayes,subindices_sem_iqar_meteorologia,2024-09,720,92,133,0,628,0.21178343949044587,0.0
2024-Q3,persistencia_iqar_atual,referencia_independente_de_features,2024-07,744,42,6,6,702,0.008547008547008548,0.14285714285714285
2024-Q3,persistencia_iqar_atual,referencia_independente_de_features,2024-08,744,38,6,6,706,0.0084985835694051,0.15789473684210525
2024-Q3,persistencia_iqar_atual,referencia_independente_de_features,2024-09,720,92,17,17,628,0.027070063694267517,0.18478260869565216
2024-Q4,dummy_prior,referencia_independente_de_features,2024-10,744,26,0,26,718,0.0,1.0
2024-Q4,dummy_prior,referencia_independente_de_features,2024-11,720,20,0,20,700,0.0,1.0
2024-Q4,dummy_prior,referencia_independente_de_features,2024-12,744,0,0,0,744,0.0,
2024-Q4,gaussian_naive_bayes,poluentes_brutos_meteorologia,2024-10,744,26,57,8,718,0.07938718662952646,0.3076923076923077
2024-Q4,gaussian_naive_bayes,poluentes_brutos_meteorologia,2024-11,720,20,49,4,700,0.07,0.2
2024-Q4,gaussian_naive_bayes,poluentes_brutos_meteorologia,2024-12,744,0,20,0,744,0.026881720430107527,
2024-Q4,gaussian_naive_bayes,poluentes_subindices_meteorologia,2024-10,744,26,37,0,718,0.05153203342618384,0.0
2024-Q4,gaussian_naive_bayes,poluentes_subindices_meteorologia,2024-11,720,20,37,0,700,0.05285714285714286,0.0
2024-Q4,gaussian_naive_bayes,poluentes_subindices_meteorologia,2024-12,744,0,9,0,744,0.012096774193548387,
2024-Q4,gaussian_naive_bayes,poluentes_subindices_sem_iqar_meteorologia,2024-10,744,26,40,0,718,0.055710306406685235,0.0
2024-Q4,gaussian_naive_bayes,poluentes_subindices_sem_iqar_meteorologia,2024-11,720,20,35,0,700,0.05,0.0
2024-Q4,gaussian_naive_bayes,poluentes_subindices_sem_iqar_meteorologia,2024-12,744,0,4,0,744,0.005376344086021506,
2024-Q4,gaussian_naive_bayes,subindices_meteorologia,2024-10,744,26,34,0,718,0.04735376044568245,0.0
2024-Q4,gaussian_naive_bayes,subindices_meteorologia,2024-11,720,20,35,0,700,0.05,0.0
2024-Q4,gaussian_naive_bayes,subindices_meteorologia,2024-12,744,0,11,0,744,0.01478494623655914,
2024-Q4,gaussian_naive_bayes,subindices_sem_iqar_meteorologia,2024-10,744,26,23,0,718,0.03203342618384401,0.0
2024-Q4,gaussian_naive_bayes,subindices_sem_iqar_meteorologia,2024-11,720,20,32,0,700,0.045714285714285714,0.0
2024-Q4,gaussian_naive_bayes,subindices_sem_iqar_meteorologia,2024-12,744,0,10,0,744,0.013440860215053764,
2024-Q4,persistencia_iqar_atual,referencia_independente_de_features,2024-10,744,26,5,5,718,0.006963788300835654,0.19230769230769232
2024-Q4,persistencia_iqar_atual,referencia_independente_de_features,2024-11,720,20,4,4,700,0.005714285714285714,0.2
2024-Q4,persistencia_iqar_atual,referencia_independente_de_features,2024-12,744,0,0,0,744,0.0,
