variante,semana_inicio,horas_validacao,horas_alerta,episodios_iniciados,semana_completa
baseline_atual,2024-01-01,168,1,1,True
baseline_atual,2024-01-08,168,29,4,True
baseline_atual,2024-01-15,168,12,6,True
baseline_atual,2024-01-22,168,2,2,True
baseline_atual,2024-01-29,168,32,7,True
baseline_atual,2024-02-05,168,27,4,True
baseline_atual,2024-02-12,168,2,1,True
baseline_atual,2024-02-19,168,11,5,True
baseline_atual,2024-02-26,168,16,4,True
baseline_atual,2024-03-04,168,9,4,True
baseline_atual,2024-03-11,168,34,5,True
baseline_atual,2024-03-18,168,21,4,True
baseline_atual,2024-03-25,168,0,0,True
baseline_atual,2024-04-01,168,22,4,True
baseline_atual,2024-04-08,168,6,1,True
baseline_atual,2024-04-15,168,8,1,True
baseline_atual,2024-04-22,168,20,3,True
baseline_atual,2024-04-29,168,12,2,True
baseline_atual,2024-05-06,168,4,1,True
baseline_atual,2024-05-13,168,12,1,True
baseline_atual,2024-05-20,168,0,0,True
baseline_atual,2024-05-27,168,0,0,True
baseline_atual,2024-06-03,168,0,0,True
baseline_atual,2024-06-10,168,9,1,True
baseline_atual,2024-06-17,168,0,0,True
baseline_atual,2024-06-24,168,0,0,True
baseline_atual,2024-07-01,168,0,0,True
baseline_atual,2024-07-08,168,0,0,True
baseline_atual,2024-07-15,168,8,1,True
baseline_atual,2024-07-22,168,63,4,True
baseline_atual,2024-07-29,168,14,1,True
baseline_atual,2024-08-05,168,5,2,True
baseline_atual,2024-08-12,168,24,4,True
baseline_atual,2024-08-19,168,29,6,True
baseline_atual,2024-08-26,168,26,3,True
baseline_atual,2024-09-02,168,54,5,True
baseline_atual,2024-09-09,168,85,4,True
baseline_atual,2024-09-16,168,25,3,True
baseline_atual,2024-09-23,168,49,5,True
baseline_atual,2024-09-30,168,24,4,True
baseline_atual,2024-10-07,168,4,3,True
baseline_atual,2024-10-14,168,15,2,True
baseline_atual,2024-10-21,168,10,2,True
baseline_atual,2024-10-28,168,0,0,True
baseline_atual,2024-11-04,168,3,3,True
baseline_atual,2024-11-11,168,7,2,True
baseline_atual,2024-11-18,168,15,2,True
baseline_atual,2024-11-25,168,27,5,True
baseline_atual,2024-12-02,168,3,2,True
baseline_atual,2024-12-09,168,1,1,True
baseline_atual,2024-12-16,168,6,5,True
baseline_atual,2024-12-23,168,0,0,True
baseline_atual,2024-12-30,48,0,0,False
delta_meteorologia,2024-01-01,168,2,1,True
delta_meteorologia,2024-01-08,168,29,4,True
delta_meteorologia,2024-01-15,168,17,5,True
delta_meteorologia,2024-01-22,168,4,3,True
delta_meteorologia,2024-01-29,168,35,7,True
delta_meteorologia,2024-02-05,168,28,7,True
delta_meteorologia,2024-02-12,168,4,2,True
delta_meteorologia,2024-02-19,168,13,5,True
delta_meteorologia,2024-02-26,168,16,5,True
delta_meteorologia,2024-03-04,168,12,4,True
delta_meteorologia,2024-03-11,168,31,4,True
delta_meteorologia,2024-03-18,168,22,4,True
delta_meteorologia,2024-03-25,168,2,2,True
delta_meteorologia,2024-04-01,168,21,4,True
delta_meteorologia,2024-04-08,168,5,1,True
delta_meteorologia,2024-04-15,168,7,3,True
delta_meteorologia,2024-04-22,168,19,4,True
delta_meteorologia,2024-04-29,168,13,4,True
delta_meteorologia,2024-05-06,168,5,2,True
delta_meteorologia,2024-05-13,168,12,1,True
delta_meteorologia,2024-05-20,168,0,0,True
delta_meteorologia,2024-05-27,168,0,0,True
delta_meteorologia,2024-06-03,168,0,0,True
delta_meteorologia,2024-06-10,168,8,1,True
delta_meteorologia,2024-06-17,168,1,1,True
delta_meteorologia,2024-06-24,168,0,0,True
delta_meteorologia,2024-07-01,168,3,2,True
delta_meteorologia,2024-07-08,168,0,0,True
delta_meteorologia,2024-07-15,168,7,1,True
delta_meteorologia,2024-07-22,168,61,8,True
delta_meteorologia,2024-07-29,168,13,1,True
delta_meteorologia,2024-08-05,168,6,3,True
delta_meteorologia,2024-08-12,168,25,6,True
delta_meteorologia,2024-08-19,168,33,6,True
delta_meteorologia,2024-08-26,168,27,4,True
delta_meteorologia,2024-09-02,168,50,6,True
delta_meteorologia,2024-09-09,168,81,5,True
delta_meteorologia,2024-09-16,168,24,4,True
delta_meteorologia,2024-09-23,168,47,7,True
delta_meteorologia,2024-09-30,168,25,4,True
delta_meteorologia,2024-10-07,168,9,4,True
delta_meteorologia,2024-10-14,168,17,4,True
delta_meteorologia,2024-10-21,168,13,5,True
delta_meteorologia,2024-10-28,168,4,3,True
delta_meteorologia,2024-11-04,168,4,3,True
delta_meteorologia,2024-11-11,168,9,4,True
delta_meteorologia,2024-11-18,168,16,3,True
delta_meteorologia,2024-11-25,168,27,5,True
delta_meteorologia,2024-12-02,168,6,3,True
delta_meteorologia,2024-12-09,168,2,2,True
delta_meteorologia,2024-12-16,168,12,9,True
delta_meteorologia,2024-12-23,168,3,3,True
delta_meteorologia,2024-12-30,48,2,2,False
delta_poluentes_brutos_ozone_pm25,2024-01-01,168,1,1,True
delta_poluentes_brutos_ozone_pm25,2024-01-08,168,28,4,True
delta_poluentes_brutos_ozone_pm25,2024-01-15,168,13,6,True
delta_poluentes_brutos_ozone_pm25,2024-01-22,168,2,2,True
delta_poluentes_brutos_ozone_pm25,2024-01-29,168,36,6,True
delta_poluentes_brutos_ozone_pm25,2024-02-05,168,25,4,True
delta_poluentes_brutos_ozone_pm25,2024-02-12,168,2,1,True
delta_poluentes_brutos_ozone_pm25,2024-02-19,168,13,6,True
delta_poluentes_brutos_ozone_pm25,2024-02-26,168,17,4,True
delta_poluentes_brutos_ozone_pm25,2024-03-04,168,9,4,True
delta_poluentes_brutos_ozone_pm25,2024-03-11,168,36,5,True
delta_poluentes_brutos_ozone_pm25,2024-03-18,168,23,4,True
delta_poluentes_brutos_ozone_pm25,2024-03-25,168,0,0,True
delta_poluentes_brutos_ozone_pm25,2024-04-01,168,20,3,True
delta_poluentes_brutos_ozone_pm25,2024-04-08,168,6,1,True
delta_poluentes_brutos_ozone_pm25,2024-04-15,168,8,1,True
delta_poluentes_brutos_ozone_pm25,2024-04-22,168,19,3,True
delta_poluentes_brutos_ozone_pm25,2024-04-29,168,13,2,True
delta_poluentes_brutos_ozone_pm25,2024-05-06,168,4,2,True
delta_poluentes_brutos_ozone_pm25,2024-05-13,168,12,1,True
delta_poluentes_brutos_ozone_pm25,2024-05-20,168,0,0,True
delta_poluentes_brutos_ozone_pm25,2024-05-27,168,0,0,True
delta_poluentes_brutos_ozone_pm25,2024-06-03,168,0,0,True
delta_poluentes_brutos_ozone_pm25,2024-06-10,168,10,1,True
delta_poluentes_brutos_ozone_pm25,2024-06-17,168,0,0,True
delta_poluentes_brutos_ozone_pm25,2024-06-24,168,0,0,True
delta_poluentes_brutos_ozone_pm25,2024-07-01,168,1,1,True
delta_poluentes_brutos_ozone_pm25,2024-07-08,168,0,0,True
delta_poluentes_brutos_ozone_pm25,2024-07-15,168,8,1,True
delta_poluentes_brutos_ozone_pm25,2024-07-22,168,64,4,True
delta_poluentes_brutos_ozone_pm25,2024-07-29,168,15,1,True
delta_poluentes_brutos_ozone_pm25,2024-08-05,168,8,3,True
delta_poluentes_brutos_ozone_pm25,2024-08-12,168,24,4,True
delta_poluentes_brutos_ozone_pm25,2024-08-19,168,28,4,True
delta_poluentes_brutos_ozone_pm25,2024-08-26,168,25,3,True
delta_poluentes_brutos_ozone_pm25,2024-09-02,168,53,5,True
delta_poluentes_brutos_ozone_pm25,2024-09-09,168,86,4,True
delta_poluentes_brutos_ozone_pm25,2024-09-16,168,26,3,True
delta_poluentes_brutos_ozone_pm25,2024-09-23,168,48,5,True
delta_poluentes_brutos_ozone_pm25,2024-09-30,168,23,3,True
delta_poluentes_brutos_ozone_pm25,2024-10-07,168,6,4,True
delta_poluentes_brutos_ozone_pm25,2024-10-14,168,14,2,True
delta_poluentes_brutos_ozone_pm25,2024-10-21,168,10,2,True
delta_poluentes_brutos_ozone_pm25,2024-10-28,168,0,0,True
delta_poluentes_brutos_ozone_pm25,2024-11-04,168,3,3,True
delta_poluentes_brutos_ozone_pm25,2024-11-11,168,6,2,True
delta_poluentes_brutos_ozone_pm25,2024-11-18,168,15,2,True
delta_poluentes_brutos_ozone_pm25,2024-11-25,168,25,5,True
delta_poluentes_brutos_ozone_pm25,2024-12-02,168,3,2,True
delta_poluentes_brutos_ozone_pm25,2024-12-09,168,1,1,True
delta_poluentes_brutos_ozone_pm25,2024-12-16,168,7,5,True
delta_poluentes_brutos_ozone_pm25,2024-12-23,168,0,0,True
delta_poluentes_brutos_ozone_pm25,2024-12-30,48,0,0,False
delta_subindices_e_meteorologia,2024-01-01,168,2,1,True
delta_subindices_e_meteorologia,2024-01-08,168,32,4,True
delta_subindices_e_meteorologia,2024-01-15,168,19,5,True
delta_subindices_e_meteorologia,2024-01-22,168,4,3,True
delta_subindices_e_meteorologia,2024-01-29,168,39,7,True
delta_subindices_e_meteorologia,2024-02-05,168,36,7,True
delta_subindices_e_meteorologia,2024-02-12,168,4,2,True
delta_subindices_e_meteorologia,2024-02-19,168,16,7,True
delta_subindices_e_meteorologia,2024-02-26,168,23,6,True
delta_subindices_e_meteorologia,2024-03-04,168,14,4,True
delta_subindices_e_meteorologia,2024-03-11,168,40,4,True
delta_subindices_e_meteorologia,2024-03-18,168,26,4,True
delta_subindices_e_meteorologia,2024-03-25,168,3,2,True
delta_subindices_e_meteorologia,2024-04-01,168,26,4,True
delta_subindices_e_meteorologia,2024-04-08,168,7,1,True
delta_subindices_e_meteorologia,2024-04-15,168,7,3,True
delta_subindices_e_meteorologia,2024-04-22,168,25,4,True
delta_subindices_e_meteorologia,2024-04-29,168,17,5,True
delta_subindices_e_meteorologia,2024-05-06,168,5,2,True
delta_subindices_e_meteorologia,2024-05-13,168,14,1,True
delta_subindices_e_meteorologia,2024-05-20,168,0,0,True
delta_subindices_e_meteorologia,2024-05-27,168,0,0,True
delta_subindices_e_meteorologia,2024-06-03,168,0,0,True
delta_subindices_e_meteorologia,2024-06-10,168,9,1,True
delta_subindices_e_meteorologia,2024-06-17,168,1,1,True
delta_subindices_e_meteorologia,2024-06-24,168,0,0,True
delta_subindices_e_meteorologia,2024-07-01,168,5,2,True
delta_subindices_e_meteorologia,2024-07-08,168,0,0,True
delta_subindices_e_meteorologia,2024-07-15,168,12,2,True
delta_subindices_e_meteorologia,2024-07-22,168,63,7,True
delta_subindices_e_meteorologia,2024-07-29,168,16,1,True
delta_subindices_e_meteorologia,2024-08-05,168,9,4,True
delta_subindices_e_meteorologia,2024-08-12,168,27,5,True
delta_subindices_e_meteorologia,2024-08-19,168,34,6,True
delta_subindices_e_meteorologia,2024-08-26,168,30,4,True
delta_subindices_e_meteorologia,2024-09-02,168,54,6,True
delta_subindices_e_meteorologia,2024-09-09,168,82,4,True
delta_subindices_e_meteorologia,2024-09-16,168,27,4,True
delta_subindices_e_meteorologia,2024-09-23,168,52,6,True
delta_subindices_e_meteorologia,2024-09-30,168,25,5,True
delta_subindices_e_meteorologia,2024-10-07,168,11,4,True
delta_subindices_e_meteorologia,2024-10-14,168,19,4,True
delta_subindices_e_meteorologia,2024-10-21,168,13,4,True
delta_subindices_e_meteorologia,2024-10-28,168,3,2,True
delta_subindices_e_meteorologia,2024-11-04,168,4,3,True
delta_subindices_e_meteorologia,2024-11-11,168,11,5,True
delta_subindices_e_meteorologia,2024-11-18,168,17,3,True
delta_subindices_e_meteorologia,2024-11-25,168,31,5,True
delta_subindices_e_meteorologia,2024-12-02,168,6,4,True
delta_subindices_e_meteorologia,2024-12-09,168,4,3,True
delta_subindices_e_meteorologia,2024-12-16,168,11,8,True
delta_subindices_e_meteorologia,2024-12-23,168,3,3,True
delta_subindices_e_meteorologia,2024-12-30,48,2,2,False
delta_subindices_ozone_pm25,2024-01-01,168,1,1,True
delta_subindices_ozone_pm25,2024-01-08,168,34,4,True
delta_subindices_ozone_pm25,2024-01-15,168,15,5,True
delta_subindices_ozone_pm25,2024-01-22,168,2,2,True
delta_subindices_ozone_pm25,2024-01-29,168,42,7,True
delta_subindices_ozone_pm25,2024-02-05,168,32,5,True
delta_subindices_ozone_pm25,2024-02-12,168,2,1,True
delta_subindices_ozone_pm25,2024-02-19,168,13,5,True
delta_subindices_ozone_pm25,2024-02-26,168,21,3,True
delta_subindices_ozone_pm25,2024-03-04,168,10,3,True
delta_subindices_ozone_pm25,2024-03-11,168,41,5,True
delta_subindices_ozone_pm25,2024-03-18,168,27,5,True
delta_subindices_ozone_pm25,2024-03-25,168,3,2,True
delta_subindices_ozone_pm25,2024-04-01,168,26,4,True
delta_subindices_ozone_pm25,2024-04-08,168,7,1,True
delta_subindices_ozone_pm25,2024-04-15,168,7,2,True
delta_subindices_ozone_pm25,2024-04-22,168,24,3,True
delta_subindices_ozone_pm25,2024-04-29,168,13,2,True
delta_subindices_ozone_pm25,2024-05-06,168,4,1,True
delta_subindices_ozone_pm25,2024-05-13,168,14,1,True
delta_subindices_ozone_pm25,2024-05-20,168,0,0,True
delta_subindices_ozone_pm25,2024-05-27,168,1,1,True
delta_subindices_ozone_pm25,2024-06-03,168,0,0,True
delta_subindices_ozone_pm25,2024-06-10,168,10,1,True
delta_subindices_ozone_pm25,2024-06-17,168,0,0,True
delta_subindices_ozone_pm25,2024-06-24,168,0,0,True
delta_subindices_ozone_pm25,2024-07-01,168,4,2,True
delta_subindices_ozone_pm25,2024-07-08,168,0,0,True
delta_subindices_ozone_pm25,2024-07-15,168,12,2,True
delta_subindices_ozone_pm25,2024-07-22,168,65,4,True
delta_subindices_ozone_pm25,2024-07-29,168,16,1,True
delta_subindices_ozone_pm25,2024-08-05,168,5,2,True
delta_subindices_ozone_pm25,2024-08-12,168,26,4,True
delta_subindices_ozone_pm25,2024-08-19,168,33,5,True
delta_subindices_ozone_pm25,2024-08-26,168,31,3,True
delta_subindices_ozone_pm25,2024-09-02,168,56,6,True
delta_subindices_ozone_pm25,2024-09-09,168,86,4,True
delta_subindices_ozone_pm25,2024-09-16,168,25,3,True
delta_subindices_ozone_pm25,2024-09-23,168,53,5,True
delta_subindices_ozone_pm25,2024-09-30,168,27,3,True
delta_subindices_ozone_pm25,2024-10-07,168,8,4,True
delta_subindices_ozone_pm25,2024-10-14,168,16,2,True
delta_subindices_ozone_pm25,2024-10-21,168,11,2,True
delta_subindices_ozone_pm25,2024-10-28,168,0,0,True
delta_subindices_ozone_pm25,2024-11-04,168,3,3,True
delta_subindices_ozone_pm25,2024-11-11,168,7,2,True
delta_subindices_ozone_pm25,2024-11-18,168,18,2,True
delta_subindices_ozone_pm25,2024-11-25,168,29,5,True
delta_subindices_ozone_pm25,2024-12-02,168,4,2,True
delta_subindices_ozone_pm25,2024-12-09,168,0,0,True
delta_subindices_ozone_pm25,2024-12-16,168,6,4,True
delta_subindices_ozone_pm25,2024-12-23,168,0,0,True
delta_subindices_ozone_pm25,2024-12-30,48,0,0,False
hora_dia_ciclica,2024-01-01,168,1,1,True
hora_dia_ciclica,2024-01-08,168,28,4,True
hora_dia_ciclica,2024-01-15,168,16,5,True
hora_dia_ciclica,2024-01-22,168,2,2,True
hora_dia_ciclica,2024-01-29,168,37,6,True
hora_dia_ciclica,2024-02-05,168,36,7,True
hora_dia_ciclica,2024-02-12,168,2,1,True
hora_dia_ciclica,2024-02-19,168,13,6,True
hora_dia_ciclica,2024-02-26,168,19,4,True
hora_dia_ciclica,2024-03-04,168,11,4,True
hora_dia_ciclica,2024-03-11,168,34,4,True
hora_dia_ciclica,2024-03-18,168,26,4,True
hora_dia_ciclica,2024-03-25,168,2,1,True
hora_dia_ciclica,2024-04-01,168,23,4,True
hora_dia_ciclica,2024-04-08,168,6,1,True
hora_dia_ciclica,2024-04-15,168,8,1,True
hora_dia_ciclica,2024-04-22,168,21,3,True
hora_dia_ciclica,2024-04-29,168,17,4,True
hora_dia_ciclica,2024-05-06,168,6,1,True
hora_dia_ciclica,2024-05-13,168,12,1,True
hora_dia_ciclica,2024-05-20,168,0,0,True
hora_dia_ciclica,2024-05-27,168,0,0,True
hora_dia_ciclica,2024-06-03,168,0,0,True
hora_dia_ciclica,2024-06-10,168,9,1,True
hora_dia_ciclica,2024-06-17,168,0,0,True
hora_dia_ciclica,2024-06-24,168,0,0,True
hora_dia_ciclica,2024-07-01,168,4,2,True
hora_dia_ciclica,2024-07-08,168,0,0,True
hora_dia_ciclica,2024-07-15,168,9,2,True
hora_dia_ciclica,2024-07-22,168,50,5,True
hora_dia_ciclica,2024-07-29,168,12,1,True
hora_dia_ciclica,2024-08-05,168,10,3,True
hora_dia_ciclica,2024-08-12,168,27,5,True
hora_dia_ciclica,2024-08-19,168,34,5,True
hora_dia_ciclica,2024-08-26,168,26,3,True
hora_dia_ciclica,2024-09-02,168,48,6,True
hora_dia_ciclica,2024-09-09,168,69,6,True
hora_dia_ciclica,2024-09-16,168,25,3,True
hora_dia_ciclica,2024-09-23,168,44,5,True
hora_dia_ciclica,2024-09-30,168,24,3,True
hora_dia_ciclica,2024-10-07,168,11,4,True
hora_dia_ciclica,2024-10-14,168,16,2,True
hora_dia_ciclica,2024-10-21,168,11,2,True
hora_dia_ciclica,2024-10-28,168,1,1,True
hora_dia_ciclica,2024-11-04,168,3,3,True
hora_dia_ciclica,2024-11-11,168,9,2,True
hora_dia_ciclica,2024-11-18,168,15,2,True
hora_dia_ciclica,2024-11-25,168,28,4,True
hora_dia_ciclica,2024-12-02,168,4,2,True
hora_dia_ciclica,2024-12-09,168,2,2,True
hora_dia_ciclica,2024-12-16,168,9,5,True
hora_dia_ciclica,2024-12-23,168,0,0,True
hora_dia_ciclica,2024-12-30,48,0,0,False
